-- phpMyAdmin SQL Dump
-- version 4.9.2
-- https://www.phpmyadmin.net/
--
-- Host: 127.0.0.1
-- Generation Time: Jul 14, 2020 at 01:51 PM
-- Server version: 10.4.10-MariaDB
-- PHP Version: 7.3.12

SET SQL_MODE = "NO_AUTO_VALUE_ON_ZERO";
SET AUTOCOMMIT = 0;
START TRANSACTION;
SET time_zone = "+00:00";


/*!40101 SET @OLD_CHARACTER_SET_CLIENT=@@CHARACTER_SET_CLIENT */;
/*!40101 SET @OLD_CHARACTER_SET_RESULTS=@@CHARACTER_SET_RESULTS */;
/*!40101 SET @OLD_COLLATION_CONNECTION=@@COLLATION_CONNECTION */;
/*!40101 SET NAMES utf8mb4 */;

--
-- Database: `store`
--

DELIMITER $$
--
-- Functions
--
CREATE DEFINER=`root`@`localhost` FUNCTION `increase_decrease_delete_BasketItems` (`inid` INT, `instatus` INT) RETURNS INT(11) NO SQL
begin
if(instatus = 1) THEN
          IF  ((select qty from basket_items where basket_items.id= inid) > 1 ) THEN
            update basket_items set basket_items.qty = (basket_items.qty - 1)  where basket_items.id= inid;
RETURN -1;
          ELSE 
            DELETE from basket_items WHERE basket_items.id= inid;
RETURN 0;
          END IF;
ELSE 
    update basket_items set basket_items.qty = (basket_items.qty + 1) where basket_items.id= inid;
RETURN +1;
END IF;
end$$

DELIMITER ;

-- --------------------------------------------------------

--
-- Table structure for table `attribute`
--

CREATE TABLE `attribute` (
  `id` int(11) NOT NULL,
  `name` varchar(200) NOT NULL,
  `date` datetime NOT NULL DEFAULT current_timestamp()
) ENGINE=InnoDB DEFAULT CHARSET=utf8mb4;

--
-- Dumping data for table `attribute`
--

INSERT INTO `attribute` (`id`, `name`, `date`) VALUES
(1, 'اللون', '2020-05-21 00:59:20'),
(2, 'القياس', '2020-05-21 01:20:46'),
(3, 'التصميم', '2020-05-22 00:32:22'),
(4, 'الماركة', '2020-06-27 23:38:27');

-- --------------------------------------------------------

--
-- Table structure for table `attribute_config`
--

CREATE TABLE `attribute_config` (
  `id` int(11) NOT NULL,
  `attribute_id` int(11) NOT NULL,
  `value` varchar(200) NOT NULL,
  `date` datetime NOT NULL DEFAULT current_timestamp(),
  `img` varchar(250) NOT NULL DEFAULT 'default.jpg'
) ENGINE=InnoDB DEFAULT CHARSET=utf8mb4;

--
-- Dumping data for table `attribute_config`
--

INSERT INTO `attribute_config` (`id`, `attribute_id`, `value`, `date`, `img`) VALUES
(1, 1, 'ماروني', '2020-05-24 19:06:54', ''),
(2, 1, 'زيتوني', '2020-05-24 19:06:57', ''),
(3, 1, 'اصفر', '2020-05-24 19:07:02', ''),
(4, 1, 'جويتي', '2020-05-24 19:07:06', ''),
(5, 1, 'اسود', '2020-05-24 19:07:09', ''),
(6, 1, 'رصاصي', '2020-05-24 19:07:14', ''),
(7, 1, 'بصلي', '2020-05-24 19:07:19', ''),
(8, 1, 'ابيض', '2020-05-24 19:07:25', ''),
(9, 2, '34', '2020-05-24 19:07:45', ''),
(10, 2, '36', '2020-05-24 19:07:48', ''),
(11, 2, '38', '2020-05-24 19:07:53', ''),
(12, 2, '40', '2020-05-24 19:07:55', ''),
(13, 2, '42', '2020-05-24 19:08:10', ''),
(14, 2, '44', '2020-05-24 19:08:11', ''),
(15, 2, '46', '2020-05-24 19:08:13', ''),
(16, 2, '48', '2020-05-24 19:08:16', ''),
(17, 2, '50', '2020-05-24 19:08:21', ''),
(18, 2, '52', '2020-05-24 19:08:24', ''),
(19, 2, '54', '2020-05-24 19:08:28', ''),
(20, 2, '56', '2020-05-24 19:08:32', ''),
(21, 2, '58', '2020-05-24 19:08:34', ''),
(22, 3, 'كلاسك', '2020-05-24 19:08:47', ''),
(23, 3, 'ضيق', '2020-05-24 19:09:26', ''),
(24, 3, 'واسع', '2020-05-24 19:09:32', ''),
(29, 1, 'جوزي', '2020-06-08 19:49:41', '1/5ede6c25b9ec3.jpg'),
(30, 1, 'غامق', '2020-06-12 22:26:01', '1/5ee400f91a7e1.jpg'),
(31, 1, 'فاتح', '2020-06-12 22:26:34', '1/5ee4011a78f96.jpg'),
(32, 1, 'نيلي', '2020-06-13 07:09:51', '1/5ee47bbfce13e.jpg'),
(33, 1, 'حني', '2020-06-13 07:10:07', '1/5ee47bcf8ad2b.jpg'),
(34, 1, 'سمائي', '2020-06-13 07:11:10', '1/5ee47c0ebb614.jpg'),
(35, 1, 'وردي', '2020-06-13 07:11:27', '1/5ee47c1f54490.jpg'),
(36, 1, 'بنفسجي', '2020-06-13 07:12:02', '1/5ee47c420e3a9.jpg'),
(37, 2, '60', '2020-06-13 15:50:31', '2/5ee4f5c78cb99.jpg'),
(38, 1, 'خزدلي', '2020-06-13 16:04:20', '1/5ee4f9048aad9.png'),
(39, 1, 'فستقي', '2020-06-13 16:04:48', '1/5ee4f9202264f.jpg'),
(40, 1, 'احمر', '2020-06-13 16:05:23', '1/5ee4f943a231e.jpg'),
(41, 1, 'بيجي', '2020-06-13 16:05:43', '1/5ee4f957d69e7.jpg'),
(42, 1, 'أخضر', '2020-06-13 16:06:00', '1/5ee4f9680194e.jpg'),
(43, 4, 'اديداس', '2020-06-27 23:38:48', '4/5ef7d88869f76.jpg');

-- --------------------------------------------------------

--
-- Table structure for table `basket`
--

CREATE TABLE `basket` (
  `id` int(11) NOT NULL,
  `customer_name` varchar(200) DEFAULT NULL,
  `customer_phone` varchar(20) DEFAULT NULL,
  `city_id` int(11) DEFAULT 0,
  `town_id` int(11) DEFAULT 0,
  `address` varchar(250) DEFAULT NULL,
  `date` datetime DEFAULT current_timestamp(),
  `note` varchar(250) DEFAULT NULL,
  `staff_id` int(11) NOT NULL,
  `status` int(11) DEFAULT 0 COMMENT '0 emty 1 fulling  2 ready 3 prepared',
  `total_price` double NOT NULL DEFAULT 0,
  `discount` double NOT NULL DEFAULT 0,
  `type` int(11) NOT NULL DEFAULT 1 COMMENT '1 normal   2 replace',
  `oldOrder_id` int(11) DEFAULT NULL
) ENGINE=InnoDB DEFAULT CHARSET=utf8mb4;

--
-- Dumping data for table `basket`
--

INSERT INTO `basket` (`id`, `customer_name`, `customer_phone`, `city_id`, `town_id`, `address`, `date`, `note`, `staff_id`, `status`, `total_price`, `discount`, `type`, `oldOrder_id`) VALUES
(23, 'Jsam Ali', '08988777777', 7, 41, '', '2020-07-08 18:50:43', '', 1, 2, 0, 0, 1, NULL),
(24, 'Jsam Ali', '08988777777', 7, 41, '', '2020-07-08 18:50:43', '', 1, 1, 0, 0, 1, NULL),
(25, 'Jsam Ali', '08988777777', 7, 41, '', '2020-07-08 18:50:44', '', 1, 0, 0, 0, 1, NULL);

-- --------------------------------------------------------

--
-- Table structure for table `basket_items`
--

CREATE TABLE `basket_items` (
  `id` int(11) NOT NULL,
  `configurable_product_id` int(11) NOT NULL,
  `basket_id` int(11) NOT NULL,
  `date` datetime NOT NULL DEFAULT current_timestamp(),
  `qty` int(11) NOT NULL,
  `status` int(11) NOT NULL DEFAULT 0,
  `storage_manager_id` int(11) NOT NULL DEFAULT 0,
  `staff_id` int(11) NOT NULL
) ENGINE=InnoDB DEFAULT CHARSET=utf8mb4;

--
-- Dumping data for table `basket_items`
--

INSERT INTO `basket_items` (`id`, `configurable_product_id`, `basket_id`, `date`, `qty`, `status`, `storage_manager_id`, `staff_id`) VALUES
(57, 417, 0, '2020-07-11 16:43:58', 1, 0, 0, 1),
(58, 417, 0, '2020-07-11 16:44:36', 1, 0, 0, 1),
(59, 417, 0, '2020-07-11 16:44:43', 1, 0, 0, 1),
(60, 417, 0, '2020-07-11 16:45:08', 1, 0, 0, 1),
(61, 157, 0, '2020-07-11 16:49:13', 1, 0, 0, 1),
(62, 157, 0, '2020-07-11 17:09:05', 1, 0, 0, 1),
(63, 157, 0, '2020-07-11 17:09:31', 1, 0, 0, 1),
(65, 157, 23, '2020-07-11 18:08:05', 1, 1, 1, 1),
(67, 155, 24, '2020-07-11 19:09:50', 1, 0, 0, 1);

-- --------------------------------------------------------

--
-- Table structure for table `category`
--

CREATE TABLE `category` (
  `id` int(11) NOT NULL,
  `title` varchar(200) NOT NULL,
  `parent_id` int(11) NOT NULL,
  `des` varchar(500) DEFAULT NULL,
  `date` datetime NOT NULL DEFAULT current_timestamp(),
  `note` varchar(250) DEFAULT NULL
) ENGINE=InnoDB DEFAULT CHARSET=utf8mb4;

--
-- Dumping data for table `category`
--

INSERT INTO `category` (`id`, `title`, `parent_id`, `des`, `date`, `note`) VALUES
(1, 'الرئسي', -1, '', '2019-12-26 10:24:01', ''),
(2, 'الشبكات', 1, '', '2019-12-26 10:57:04', ''),
(9, 'ملابس', 1, NULL, '2020-06-08 19:04:59', NULL),
(11, 'ملابس نسائي', 9, NULL, '2020-06-08 19:05:56', NULL),
(12, 'ملابس رجالي', 9, NULL, '2020-06-08 19:06:05', NULL),
(13, 'ملابس اطفال', 9, NULL, '2020-06-08 19:06:17', NULL),
(14, 'قمصان', 11, NULL, '2020-06-27 23:38:10', NULL);

-- --------------------------------------------------------

--
-- Table structure for table `cites`
--

CREATE TABLE `cites` (
  `id` int(11) NOT NULL,
  `name` varchar(20) NOT NULL,
  `note` varchar(100) DEFAULT NULL
) ENGINE=InnoDB DEFAULT CHARSET=utf8mb4;

--
-- Dumping data for table `cites`
--

INSERT INTO `cites` (`id`, `name`, `note`) VALUES
(1, 'بغداد', NULL),
(2, 'البصرة', NULL),
(3, 'نينوى', NULL),
(4, 'أربيل', NULL),
(5, 'النجف', NULL),
(6, 'ذي قار', NULL),
(7, 'كركوك', NULL),
(8, 'الأنبار', NULL),
(9, 'ديالى', NULL),
(10, 'المثنى', NULL),
(11, 'القادسية', NULL),
(12, 'ميسان', NULL),
(13, 'واسط', NULL),
(14, 'صلاح الدين', NULL),
(15, 'دهوك', NULL),
(16, 'السليمانية', NULL),
(17, 'بابل', NULL),
(18, 'كربلاء', NULL);

-- --------------------------------------------------------

--
-- Table structure for table `clients`
--

CREATE TABLE `clients` (
  `id` int(11) NOT NULL,
  `name` varchar(60) NOT NULL,
  `phone` varchar(18) NOT NULL,
  `email` varchar(100) DEFAULT NULL,
  `branch_id` int(11) NOT NULL DEFAULT 1,
  `password` varchar(250) NOT NULL,
  `token` varchar(500) DEFAULT NULL
) ENGINE=InnoDB DEFAULT CHARSET=utf8mb4;

--
-- Dumping data for table `clients`
--

INSERT INTO `clients` (`id`, `name`, `phone`, `email`, `branch_id`, `password`, `token`) VALUES
(1, 'صلاح الدين', '09876544423', NULL, 1, '', NULL),
(2, 'حيدر حسن', '07872811661', '', 1, '$2a$07$k6E7ZV1TaMp30nU21iNMbewvuKqaaOxV.dWmYW2g0yBlCjZ0tomfO', NULL);

-- --------------------------------------------------------

--
-- Table structure for table `client_dev_price`
--

CREATE TABLE `client_dev_price` (
  `id` int(11) NOT NULL,
  `city_id` int(11) NOT NULL,
  `client_id` int(11) NOT NULL,
  `price` double NOT NULL
) ENGINE=InnoDB DEFAULT CHARSET=utf8mb4;

--
-- Dumping data for table `client_dev_price`
--

INSERT INTO `client_dev_price` (`id`, `city_id`, `client_id`, `price`) VALUES
(26, 8, 2, 7000),
(27, 9, 2, 7000),
(28, 10, 2, 7000),
(29, 11, 2, 7000),
(30, 12, 2, 7000),
(31, 13, 2, 7000),
(32, 14, 2, 7000),
(33, 15, 2, 7000),
(34, 16, 2, 7000),
(35, 17, 2, 7000),
(36, 18, 2, 7000),
(55, 1, 4, 5000),
(56, 2, 4, 10000),
(57, 3, 4, 10000),
(58, 4, 4, 10000),
(59, 5, 4, 10000),
(60, 6, 4, 10000),
(61, 7, 4, 10000),
(62, 8, 4, 10000),
(63, 9, 4, 10000),
(64, 10, 4, 10000),
(65, 11, 4, 10000),
(66, 12, 4, 10000),
(67, 13, 4, 10000),
(68, 14, 4, 10000),
(69, 15, 4, 10000),
(70, 16, 4, 10000),
(71, 17, 4, 10000),
(72, 18, 4, 10000),
(73, 1, 2, 5000),
(74, 2, 2, 10000),
(75, 3, 2, 10000),
(76, 4, 2, 10000),
(77, 5, 2, 10000),
(78, 6, 2, 10000),
(79, 7, 2, 10000),
(80, 8, 2, 10000),
(81, 9, 2, 10000),
(82, 10, 2, 10000),
(83, 11, 2, 10000),
(84, 12, 2, 10000),
(85, 13, 2, 10000),
(86, 14, 2, 10000),
(87, 15, 2, 10000),
(88, 16, 2, 10000),
(89, 17, 2, 10000),
(90, 18, 2, 10000);

-- --------------------------------------------------------

--
-- Table structure for table `companies`
--

CREATE TABLE `companies` (
  `id` int(11) NOT NULL,
  `logo` varchar(150) NOT NULL,
  `text1` varchar(500) DEFAULT NULL,
  `text2` varchar(500) DEFAULT NULL,
  `name` varchar(200) NOT NULL,
  `phone` varchar(16) NOT NULL,
  `date` datetime NOT NULL DEFAULT current_timestamp(),
  `token` varchar(200) NOT NULL,
  `dns` varchar(200) NOT NULL
) ENGINE=InnoDB DEFAULT CHARSET=utf8mb4;

--
-- Dumping data for table `companies`
--

INSERT INTO `companies` (`id`, `logo`, `text1`, `text2`, `name`, `phone`, `date`, `token`, `dns`) VALUES
(2, '5f0b1f12875db.jpg', 'الشركه مسجلة قانونياً', 'فرع بابل ', 'البرق', '07822816693', '2020-07-12 17:32:50', 'ghiotpypu7i698457362567890887968453567890879654retwdrsfgxvb', 'localhost/alnahr-dash/');

-- --------------------------------------------------------

--
-- Table structure for table `configurable_product`
--

CREATE TABLE `configurable_product` (
  `id` int(11) NOT NULL,
  `product_id` int(11) NOT NULL,
  `buy_price` double NOT NULL,
  `price` int(11) NOT NULL,
  `img` varchar(250) DEFAULT NULL,
  `qty` int(11) NOT NULL,
  `sku` varchar(250) NOT NULL,
  `location` varchar(200) DEFAULT NULL,
  `stock` int(11) NOT NULL DEFAULT 0,
  `sub_name` varchar(250) NOT NULL
) ENGINE=InnoDB DEFAULT CHARSET=utf8mb4;

--
-- Dumping data for table `configurable_product`
--

INSERT INTO `configurable_product` (`id`, `product_id`, `buy_price`, `price`, `img`, `qty`, `sku`, `location`, `stock`, `sub_name`) VALUES
(155, 24, 1, 39000, '155/5f02e9e2f0dd0.png', 1987, 'ورد شبه نونه-اسود-38', 'B3', 1, 'ورد شبه نونه-اسود-38'),
(156, 24, 1, 39000, '156/5f02eb1db9a00.jpg', 6, 'ورد شبه نونه-نيلي-38', 'B3', 1, 'ورد شبه نونه-نيلي-38'),
(157, 24, 1, 39000, 'default.jpg', 4, 'ورد شبه نونه-سمائي-38', 'B3', 1, 'ورد شبه نونه-سمائي-38'),
(158, 24, 1, 39000, 'default.jpg', 1, 'ورد شبه نونه-وردي-38', 'B3', 1, 'ورد شبه نونه-وردي-38'),
(159, 24, 1, 39000, 'default.jpg', 5, 'ورد شبه نونه-ماروني-40', 'B3', 1, 'ورد شبه نونه-ماروني-40'),
(160, 24, 1, 39000, 'default.jpg', 1, 'ورد شبه نونه-اسود-40', 'B3', 1, 'ورد شبه نونه-اسود-40'),
(161, 24, 1, 39000, 'default.jpg', 12, 'ورد شبه نونه-نيلي-40', 'B3', 1, 'ورد شبه نونه-نيلي-40'),
(162, 24, 1, 39000, 'default.jpg', 5, 'ورد شبه نونه-سمائي-40', 'B3', 1, 'ورد شبه نونه-سمائي-40'),
(163, 24, 1, 39000, 'default.jpg', 0, 'ورد شبه نونه-وردي-40', 'B3', 1, 'ورد شبه نونه-وردي-40'),
(164, 24, 1, 39000, 'default.jpg', 3, 'ورد شبه نونه-ماروني-42', 'B3', 1, 'ورد شبه نونه-ماروني-42'),
(165, 24, 1, 39000, 'default.jpg', 3, 'ورد شبه نونه-اسود-42', 'B3', 1, 'ورد شبه نونه-اسود-42'),
(166, 24, 1, 39000, 'default.jpg', 5, 'ورد شبه نونه-نيلي-42', 'B3', 1, 'ورد شبه نونه-نيلي-42'),
(167, 24, 1, 39000, 'default.jpg', 5, 'ورد شبه نونه-سمائي-42', 'B3', 1, 'ورد شبه نونه-سمائي-42'),
(168, 24, 1, 39000, 'default.jpg', 0, 'ورد شبه نونه-وردي-42', 'B3', 1, 'ورد شبه نونه-وردي-42'),
(169, 24, 1, 39000, 'default.jpg', 3, 'ورد شبه نونه-ماروني-44', 'B3', 1, 'ورد شبه نونه-ماروني-44'),
(170, 24, 1, 39000, 'default.jpg', 0, 'ورد شبه نونه-اسود-44', 'B3', 1, 'ورد شبه نونه-اسود-44'),
(171, 24, 1, 39000, 'default.jpg', 12, 'ورد شبه نونه-نيلي-44', 'B3', 1, 'ورد شبه نونه-نيلي-44'),
(172, 24, 1, 39000, 'default.jpg', 8, 'ورد شبه نونه-سمائي-44', 'B3', 1, 'ورد شبه نونه-سمائي-44'),
(173, 24, 1, 39000, 'default.jpg', 0, 'ورد شبه نونه-وردي-44', 'B3', 1, 'ورد شبه نونه-وردي-44'),
(174, 24, 1, 39000, 'default.jpg', 5, 'ورد شبه نونه-ماروني-46', 'B3', 1, 'ورد شبه نونه-ماروني-46'),
(175, 24, 1, 39000, '175/5f02eb301dc3e.jpg', 1, 'ورد شبه نونه-اسود-46', 'B3', 1, 'ورد شبه نونه-اسود-46'),
(176, 24, 1, 39000, 'default.jpg', 4, 'ورد شبه نونه-نيلي-46', 'B3', 1, 'ورد شبه نونه-نيلي-46'),
(177, 24, 1, 39000, 'default.jpg', 3, 'ورد شبه نونه-سمائي-46', 'B3', 1, 'ورد شبه نونه-سمائي-46'),
(178, 24, 1, 39000, 'default.jpg', 0, 'ورد شبه نونه-وردي-46', 'B3', 1, 'ورد شبه نونه-وردي-46'),
(179, 25, 1, 45000, 'default.jpg', 13, 'كابوي مع بدي ابيض-38', 'f2', 1, 'كابوي مع بدي ابيض-38'),
(180, 25, 1, 45000, 'default.jpg', 20, 'كابوي مع بدي ابيض-40', 'f2', 1, 'كابوي مع بدي ابيض-40'),
(181, 25, 1, 45000, 'default.jpg', 8, 'كابوي مع بدي ابيض-42', 'f2', 1, 'كابوي مع بدي ابيض-42'),
(182, 25, 1, 45000, 'default.jpg', 7, 'كابوي مع بدي ابيض-44', 'f2', 1, 'كابوي مع بدي ابيض-44'),
(183, 26, 1000, 39000, 'default.jpg', 2, 'شيفون ردن من مس فالي شيبيه عيشان-ماروني-38', 'f2', 1, 'شيفون ردن من مس فالي شيبيه عيشان-ماروني-38'),
(184, 26, 1000, 39000, 'default.jpg', 2, 'شيفون ردن من مس فالي شيبيه عيشان-زيتوني-38', 'f2', 1, 'شيفون ردن من مس فالي شيبيه عيشان-زيتوني-38'),
(185, 26, 1000, 39000, 'default.jpg', 1, 'شيفون ردن من مس فالي شيبيه عيشان-اسود-38', 'f2', 1, 'شيفون ردن من مس فالي شيبيه عيشان-اسود-38'),
(186, 26, 1000, 39000, 'default.jpg', 2, 'شيفون ردن من مس فالي شيبيه عيشان-نيلي-38', 'f2', 1, 'شيفون ردن من مس فالي شيبيه عيشان-نيلي-38'),
(187, 26, 1000, 39000, 'default.jpg', 2, 'شيفون ردن من مس فالي شيبيه عيشان-بنفسجي-38', 'f2', 1, 'شيفون ردن من مس فالي شيبيه عيشان-بنفسجي-38'),
(188, 26, 1000, 39000, 'default.jpg', 2, 'شيفون ردن من مس فالي شيبيه عيشان-ماروني-40', 'f2', 1, 'شيفون ردن من مس فالي شيبيه عيشان-ماروني-40'),
(189, 26, 1000, 39000, 'default.jpg', 2, 'شيفون ردن من مس فالي شيبيه عيشان-زيتوني-40', 'f2', 1, 'شيفون ردن من مس فالي شيبيه عيشان-زيتوني-40'),
(190, 26, 1000, 39000, 'default.jpg', 1, 'شيفون ردن من مس فالي شيبيه عيشان-اسود-40', 'f2', 1, 'شيفون ردن من مس فالي شيبيه عيشان-اسود-40'),
(191, 26, 1000, 39000, 'default.jpg', 1, 'شيفون ردن من مس فالي شيبيه عيشان-نيلي-40', 'f2', 1, 'شيفون ردن من مس فالي شيبيه عيشان-نيلي-40'),
(192, 26, 1000, 39000, 'default.jpg', 2, 'شيفون ردن من مس فالي شيبيه عيشان-بنفسجي-40', 'f2', 1, 'شيفون ردن من مس فالي شيبيه عيشان-بنفسجي-40'),
(193, 26, 1000, 39000, 'default.jpg', 2, 'شيفون ردن من مس فالي شيبيه عيشان-ماروني-42', 'f2', 1, 'شيفون ردن من مس فالي شيبيه عيشان-ماروني-42'),
(194, 26, 1000, 39000, 'default.jpg', 0, 'شيفون ردن من مس فالي شيبيه عيشان-زيتوني-42', 'f2', 1, 'شيفون ردن من مس فالي شيبيه عيشان-زيتوني-42'),
(195, 26, 1000, 39000, 'default.jpg', 0, 'شيفون ردن من مس فالي شيبيه عيشان-اسود-42', 'f2', 1, 'شيفون ردن من مس فالي شيبيه عيشان-اسود-42'),
(196, 26, 1000, 39000, 'default.jpg', 1, 'شيفون ردن من مس فالي شيبيه عيشان-نيلي-42', 'f2', 1, 'شيفون ردن من مس فالي شيبيه عيشان-نيلي-42'),
(197, 26, 1000, 39000, 'default.jpg', 2, 'شيفون ردن من مس فالي شيبيه عيشان-بنفسجي-42', 'f2', 1, 'شيفون ردن من مس فالي شيبيه عيشان-بنفسجي-42'),
(198, 26, 1000, 39000, 'default.jpg', 2, 'شيفون ردن من مس فالي شيبيه عيشان-ماروني-44', 'f2', 1, 'شيفون ردن من مس فالي شيبيه عيشان-ماروني-44'),
(199, 26, 1000, 39000, 'default.jpg', 1, 'شيفون ردن من مس فالي شيبيه عيشان-زيتوني-44', 'f2', 1, 'شيفون ردن من مس فالي شيبيه عيشان-زيتوني-44'),
(200, 26, 1000, 39000, 'default.jpg', 1, 'شيفون ردن من مس فالي شيبيه عيشان-اسود-44', 'f2', 1, 'شيفون ردن من مس فالي شيبيه عيشان-اسود-44'),
(201, 26, 1000, 39000, 'default.jpg', 2, 'شيفون ردن من مس فالي شيبيه عيشان-نيلي-44', 'f2', 1, 'شيفون ردن من مس فالي شيبيه عيشان-نيلي-44'),
(202, 26, 1000, 39000, 'default.jpg', 2, 'شيفون ردن من مس فالي شيبيه عيشان-بنفسجي-44', 'f2', 1, 'شيفون ردن من مس فالي شيبيه عيشان-بنفسجي-44'),
(203, 26, 1000, 39000, 'default.jpg', 1, 'شيفون ردن من مس فالي شيبيه عيشان-ماروني-46', 'f2', 1, 'شيفون ردن من مس فالي شيبيه عيشان-ماروني-46'),
(204, 26, 1000, 39000, 'default.jpg', 2, 'شيفون ردن من مس فالي شيبيه عيشان-زيتوني-46', 'f2', 1, 'شيفون ردن من مس فالي شيبيه عيشان-زيتوني-46'),
(205, 26, 1000, 39000, 'default.jpg', 1, 'شيفون ردن من مس فالي شيبيه عيشان-اسود-46', 'f2', 1, 'شيفون ردن من مس فالي شيبيه عيشان-اسود-46'),
(206, 26, 1000, 39000, 'default.jpg', 3, 'شيفون ردن من مس فالي شيبيه عيشان-نيلي-46', 'f2', 1, 'شيفون ردن من مس فالي شيبيه عيشان-نيلي-46'),
(207, 26, 1000, 39000, 'default.jpg', 2, 'شيفون ردن من مس فالي شيبيه عيشان-بنفسجي-46', 'f2', 1, 'شيفون ردن من مس فالي شيبيه عيشان-بنفسجي-46'),
(208, 26, 1000, 39000, 'default.jpg', 1, 'شيفون ردن من مس فالي شيبيه عيشان-ماروني-48', 'f2', 1, 'شيفون ردن من مس فالي شيبيه عيشان-ماروني-48'),
(209, 26, 1000, 39000, 'default.jpg', 1, 'شيفون ردن من مس فالي شيبيه عيشان-زيتوني-48', 'f2', 1, 'شيفون ردن من مس فالي شيبيه عيشان-زيتوني-48'),
(210, 26, 1000, 39000, 'default.jpg', 2, 'شيفون ردن من مس فالي شيبيه عيشان-اسود-48', 'f2', 1, 'شيفون ردن من مس فالي شيبيه عيشان-اسود-48'),
(211, 26, 1000, 39000, 'default.jpg', 0, 'شيفون ردن من مس فالي شيبيه عيشان-نيلي-48', 'f2', 1, 'شيفون ردن من مس فالي شيبيه عيشان-نيلي-48'),
(212, 26, 1000, 39000, 'default.jpg', 2, 'شيفون ردن من مس فالي شيبيه عيشان-بنفسجي-48', 'f2', 1, 'شيفون ردن من مس فالي شيبيه عيشان-بنفسجي-48'),
(213, 27, 1000, 39000, 'default.jpg', 2, 'حزام صدر-زيتوني-38', 'c1', 1, 'حزام صدر-زيتوني-38'),
(214, 27, 1000, 39000, 'default.jpg', 5, 'حزام صدر-بنفسجي-38', 'c1', 1, 'حزام صدر-بنفسجي-38'),
(215, 27, 1000, 39000, 'default.jpg', 2, 'حزام صدر-زيتوني-40', 'c1', 1, 'حزام صدر-زيتوني-40'),
(216, 27, 1000, 39000, 'default.jpg', 6, 'حزام صدر-بنفسجي-40', 'c1', 1, 'حزام صدر-بنفسجي-40'),
(217, 27, 1000, 39000, 'default.jpg', 3, 'حزام صدر-زيتوني-42', 'c1', 1, 'حزام صدر-زيتوني-42'),
(218, 27, 1000, 39000, 'default.jpg', 7, 'حزام صدر-بنفسجي-42', 'c1', 1, 'حزام صدر-بنفسجي-42'),
(219, 27, 1000, 39000, 'default.jpg', 4, 'حزام صدر-زيتوني-44', 'c1', 1, 'حزام صدر-زيتوني-44'),
(220, 27, 1000, 39000, 'default.jpg', 6, 'حزام صدر-بنفسجي-44', 'c1', 1, 'حزام صدر-بنفسجي-44'),
(221, 27, 1000, 39000, 'default.jpg', 5, 'حزام صدر-زيتوني-46', 'c1', 1, 'حزام صدر-زيتوني-46'),
(222, 27, 1000, 39000, 'default.jpg', 8, 'حزام صدر-بنفسجي-46', 'c1', 1, 'حزام صدر-بنفسجي-46'),
(223, 27, 1000, 39000, 'default.jpg', 4, 'حزام صدر-زيتوني-48', 'c1', 1, 'حزام صدر-زيتوني-48'),
(224, 27, 1000, 39000, 'default.jpg', 5, 'حزام صدر-بنفسجي-48', 'c1', 1, 'حزام صدر-بنفسجي-48'),
(225, 27, 1000, 39000, 'default.jpg', 6, 'حزام صدر-زيتوني-50', 'c1', 1, 'حزام صدر-زيتوني-50'),
(226, 27, 1000, 39000, 'default.jpg', 6, 'حزام صدر-بنفسجي-50', 'c1', 1, 'حزام صدر-بنفسجي-50'),
(228, 29, 39000, 1000, 'default.jpg', 4, 'ابو الحزام الجلد كابوي-فاتح-42', 'a3', 1, 'ابو الحزام الجلد كابوي-فاتح-42'),
(229, 29, 39000, 1000, 'default.jpg', 2, 'ابو الحزام الجلد كابوي-غامق-44', 'a3', 1, 'ابو الحزام الجلد كابوي-غامق-44'),
(230, 29, 39000, 1000, 'default.jpg', 1, 'ابو الحزام الجلد كابوي-فاتح-44', 'a3', 1, 'ابو الحزام الجلد كابوي-فاتح-44'),
(235, 30, 11, 39000, 'default.jpg', 7, 'ابو الحزام الجلد-غامق-46', '', 1, 'ابو الحزام الجلد-غامق-46'),
(236, 30, 11, 39000, 'default.jpg', 8, 'ابو الحزام الجلد-فاتح-46', '', 1, 'ابو الحزام الجلد-فاتح-46'),
(237, 31, 1000, 39000, 'default.jpg', 2, 'ابو الخرز الجديد-زيتوني-38', '', 1, 'ابو الخرز الجديد-زيتوني-38'),
(238, 31, 1000, 39000, 'default.jpg', 15, 'ابو الخرز الجديد-اسود-38', '', 1, 'ابو الخرز الجديد-اسود-38'),
(239, 31, 1000, 39000, 'default.jpg', 5, 'ابو الخرز الجديد-نيلي-38', '', 1, 'ابو الخرز الجديد-نيلي-38'),
(240, 31, 1000, 39000, 'default.jpg', 5, 'ابو الخرز الجديد-سمائي-38', '', 1, 'ابو الخرز الجديد-سمائي-38'),
(241, 31, 1000, 39000, 'default.jpg', 10, 'ابو الخرز الجديد-وردي-38', '', 1, 'ابو الخرز الجديد-وردي-38'),
(242, 31, 1000, 39000, 'default.jpg', 15, 'ابو الخرز الجديد-بنفسجي-38', '', 1, 'ابو الخرز الجديد-بنفسجي-38'),
(243, 31, 1000, 39000, 'default.jpg', 0, 'ابو الخرز الجديد-زيتوني-40', '', 1, 'ابو الخرز الجديد-زيتوني-40'),
(244, 31, 1000, 39000, 'default.jpg', 14, 'ابو الخرز الجديد-اسود-40', '', 1, 'ابو الخرز الجديد-اسود-40'),
(245, 31, 1000, 39000, 'default.jpg', 5, 'ابو الخرز الجديد-نيلي-40', '', 1, 'ابو الخرز الجديد-نيلي-40'),
(246, 31, 1000, 39000, 'default.jpg', 4, 'ابو الخرز الجديد-سمائي-40', '', 1, 'ابو الخرز الجديد-سمائي-40'),
(247, 31, 1000, 39000, 'default.jpg', 11, 'ابو الخرز الجديد-وردي-40', '', 1, 'ابو الخرز الجديد-وردي-40'),
(248, 31, 1000, 39000, 'default.jpg', 15, 'ابو الخرز الجديد-بنفسجي-40', '', 1, 'ابو الخرز الجديد-بنفسجي-40'),
(249, 31, 1000, 39000, 'default.jpg', 4, 'ابو الخرز الجديد-زيتوني-42', '', 1, 'ابو الخرز الجديد-زيتوني-42'),
(250, 31, 1000, 39000, 'default.jpg', 19, 'ابو الخرز الجديد-اسود-42', '', 1, 'ابو الخرز الجديد-اسود-42'),
(251, 31, 1000, 39000, 'default.jpg', 9, 'ابو الخرز الجديد-نيلي-42', '', 1, 'ابو الخرز الجديد-نيلي-42'),
(252, 31, 1000, 39000, 'default.jpg', 12, 'ابو الخرز الجديد-سمائي-42', '', 1, 'ابو الخرز الجديد-سمائي-42'),
(253, 31, 1000, 39000, 'default.jpg', 13, 'ابو الخرز الجديد-وردي-42', '', 1, 'ابو الخرز الجديد-وردي-42'),
(254, 31, 1000, 39000, 'default.jpg', 18, 'ابو الخرز الجديد-بنفسجي-42', '', 1, 'ابو الخرز الجديد-بنفسجي-42'),
(255, 31, 1000, 39000, 'default.jpg', 4, 'ابو الخرز الجديد-زيتوني-44', '', 1, 'ابو الخرز الجديد-زيتوني-44'),
(256, 31, 1000, 39000, 'default.jpg', 19, 'ابو الخرز الجديد-اسود-44', '', 1, 'ابو الخرز الجديد-اسود-44'),
(257, 31, 1000, 39000, 'default.jpg', 8, 'ابو الخرز الجديد-نيلي-44', '', 1, 'ابو الخرز الجديد-نيلي-44'),
(258, 31, 1000, 39000, 'default.jpg', 9, 'ابو الخرز الجديد-سمائي-44', '', 1, 'ابو الخرز الجديد-سمائي-44'),
(259, 31, 1000, 39000, 'default.jpg', 13, 'ابو الخرز الجديد-وردي-44', '', 1, 'ابو الخرز الجديد-وردي-44'),
(260, 31, 1000, 39000, 'default.jpg', 16, 'ابو الخرز الجديد-بنفسجي-44', '', 1, 'ابو الخرز الجديد-بنفسجي-44'),
(261, 31, 1000, 39000, 'default.jpg', 4, 'ابو الخرز الجديد-زيتوني-46', '', 1, 'ابو الخرز الجديد-زيتوني-46'),
(262, 31, 1000, 39000, 'default.jpg', 14, 'ابو الخرز الجديد-اسود-46', '', 1, 'ابو الخرز الجديد-اسود-46'),
(263, 31, 1000, 39000, 'default.jpg', 11, 'ابو الخرز الجديد-نيلي-46', '', 1, 'ابو الخرز الجديد-نيلي-46'),
(264, 31, 1000, 39000, 'default.jpg', 6, 'ابو الخرز الجديد-سمائي-46', '', 1, 'ابو الخرز الجديد-سمائي-46'),
(265, 31, 1000, 39000, 'default.jpg', 13, 'ابو الخرز الجديد-وردي-46', '', 1, 'ابو الخرز الجديد-وردي-46'),
(266, 31, 1000, 39000, 'default.jpg', 17, 'ابو الخرز الجديد-بنفسجي-46', '', 1, 'ابو الخرز الجديد-بنفسجي-46'),
(267, 31, 1000, 39000, 'default.jpg', 0, 'ابو الخرز الجديد-زيتوني-48', '', 1, 'ابو الخرز الجديد-زيتوني-48'),
(268, 31, 1000, 39000, 'default.jpg', 8, 'ابو الخرز الجديد-اسود-48', '', 1, 'ابو الخرز الجديد-اسود-48'),
(269, 31, 1000, 39000, 'default.jpg', 4, 'ابو الخرز الجديد-نيلي-48', '', 1, 'ابو الخرز الجديد-نيلي-48'),
(270, 31, 1000, 39000, 'default.jpg', 11, 'ابو الخرز الجديد-سمائي-48', '', 1, 'ابو الخرز الجديد-سمائي-48'),
(271, 31, 1000, 39000, 'default.jpg', 5, 'ابو الخرز الجديد-وردي-48', '', 1, 'ابو الخرز الجديد-وردي-48'),
(272, 31, 1000, 39000, 'default.jpg', 13, 'ابو الخرز الجديد-بنفسجي-48', '', 1, 'ابو الخرز الجديد-بنفسجي-48'),
(273, 31, 1000, 39000, 'default.jpg', 3, 'ابو الخرز الجديد-زيتوني-50', '', 1, 'ابو الخرز الجديد-زيتوني-50'),
(274, 31, 1000, 39000, 'default.jpg', 7, 'ابو الخرز الجديد-اسود-50', '', 1, 'ابو الخرز الجديد-اسود-50'),
(275, 31, 1000, 39000, 'default.jpg', 4, 'ابو الخرز الجديد-نيلي-50', '', 1, 'ابو الخرز الجديد-نيلي-50'),
(276, 31, 1000, 39000, 'default.jpg', 9, 'ابو الخرز الجديد-سمائي-50', '', 1, 'ابو الخرز الجديد-سمائي-50'),
(277, 31, 1000, 39000, 'default.jpg', 9, 'ابو الخرز الجديد-وردي-50', '', 1, 'ابو الخرز الجديد-وردي-50'),
(278, 31, 1000, 39000, 'default.jpg', 13, 'ابو الخرز الجديد-بنفسجي-50', '', 1, 'ابو الخرز الجديد-بنفسجي-50'),
(279, 31, 1000, 39000, 'default.jpg', 1, 'ابو الخرز الجديد-زيتوني-52', '', 1, 'ابو الخرز الجديد-زيتوني-52'),
(280, 31, 1000, 39000, 'default.jpg', 14, 'ابو الخرز الجديد-اسود-52', '', 1, 'ابو الخرز الجديد-اسود-52'),
(281, 31, 1000, 39000, 'default.jpg', 1, 'ابو الخرز الجديد-نيلي-52', '', 1, 'ابو الخرز الجديد-نيلي-52'),
(282, 31, 1000, 39000, 'default.jpg', 3, 'ابو الخرز الجديد-سمائي-52', '', 1, 'ابو الخرز الجديد-سمائي-52'),
(283, 31, 1000, 39000, 'default.jpg', 0, 'ابو الخرز الجديد-وردي-52', '', 1, 'ابو الخرز الجديد-وردي-52'),
(284, 31, 1000, 39000, 'default.jpg', 9, 'ابو الخرز الجديد-بنفسجي-52', '', 1, 'ابو الخرز الجديد-بنفسجي-52'),
(285, 32, 1000, 39000, 'default.jpg', 2, 'ابو الخرز الجديد-زيتوني-38', '', 1, 'ابو الخرز الجديد-زيتوني-38'),
(286, 32, 1000, 39000, 'default.jpg', 15, 'ابو الخرز الجديد-اسود-38', '', 1, 'ابو الخرز الجديد-اسود-38'),
(287, 32, 1000, 39000, 'default.jpg', 5, 'ابو الخرز الجديد-نيلي-38', '', 1, 'ابو الخرز الجديد-نيلي-38'),
(288, 32, 1000, 39000, 'default.jpg', 5, 'ابو الخرز الجديد-سمائي-38', '', 1, 'ابو الخرز الجديد-سمائي-38'),
(289, 32, 1000, 39000, 'default.jpg', 10, 'ابو الخرز الجديد-وردي-38', '', 1, 'ابو الخرز الجديد-وردي-38'),
(290, 32, 1000, 39000, 'default.jpg', 15, 'ابو الخرز الجديد-بنفسجي-38', '', 1, 'ابو الخرز الجديد-بنفسجي-38'),
(291, 32, 1000, 39000, 'default.jpg', 0, 'ابو الخرز الجديد-زيتوني-40', '', 1, 'ابو الخرز الجديد-زيتوني-40'),
(292, 32, 1000, 39000, 'default.jpg', 14, 'ابو الخرز الجديد-اسود-40', '', 1, 'ابو الخرز الجديد-اسود-40'),
(293, 32, 1000, 39000, 'default.jpg', 5, 'ابو الخرز الجديد-نيلي-40', '', 1, 'ابو الخرز الجديد-نيلي-40'),
(294, 32, 1000, 39000, 'default.jpg', 4, 'ابو الخرز الجديد-سمائي-40', '', 1, 'ابو الخرز الجديد-سمائي-40'),
(295, 32, 1000, 39000, 'default.jpg', 11, 'ابو الخرز الجديد-وردي-40', '', 1, 'ابو الخرز الجديد-وردي-40'),
(296, 32, 1000, 39000, 'default.jpg', 15, 'ابو الخرز الجديد-بنفسجي-40', '', 1, 'ابو الخرز الجديد-بنفسجي-40'),
(297, 32, 1000, 39000, 'default.jpg', 4, 'ابو الخرز الجديد-زيتوني-42', '', 1, 'ابو الخرز الجديد-زيتوني-42'),
(298, 32, 1000, 39000, 'default.jpg', 19, 'ابو الخرز الجديد-اسود-42', '', 1, 'ابو الخرز الجديد-اسود-42'),
(299, 32, 1000, 39000, 'default.jpg', 9, 'ابو الخرز الجديد-نيلي-42', '', 1, 'ابو الخرز الجديد-نيلي-42'),
(300, 32, 1000, 39000, 'default.jpg', 12, 'ابو الخرز الجديد-سمائي-42', '', 1, 'ابو الخرز الجديد-سمائي-42'),
(301, 32, 1000, 39000, 'default.jpg', 13, 'ابو الخرز الجديد-وردي-42', '', 1, 'ابو الخرز الجديد-وردي-42'),
(302, 32, 1000, 39000, 'default.jpg', 18, 'ابو الخرز الجديد-بنفسجي-42', '', 1, 'ابو الخرز الجديد-بنفسجي-42'),
(303, 32, 1000, 39000, 'default.jpg', 4, 'ابو الخرز الجديد-زيتوني-44', '', 1, 'ابو الخرز الجديد-زيتوني-44'),
(304, 32, 1000, 39000, 'default.jpg', 19, 'ابو الخرز الجديد-اسود-44', '', 1, 'ابو الخرز الجديد-اسود-44'),
(305, 32, 1000, 39000, 'default.jpg', 8, 'ابو الخرز الجديد-نيلي-44', '', 1, 'ابو الخرز الجديد-نيلي-44'),
(306, 32, 1000, 39000, 'default.jpg', 9, 'ابو الخرز الجديد-سمائي-44', '', 1, 'ابو الخرز الجديد-سمائي-44'),
(307, 32, 1000, 39000, 'default.jpg', 13, 'ابو الخرز الجديد-وردي-44', '', 1, 'ابو الخرز الجديد-وردي-44'),
(308, 32, 1000, 39000, 'default.jpg', 16, 'ابو الخرز الجديد-بنفسجي-44', '', 1, 'ابو الخرز الجديد-بنفسجي-44'),
(309, 32, 1000, 39000, 'default.jpg', 4, 'ابو الخرز الجديد-زيتوني-46', '', 1, 'ابو الخرز الجديد-زيتوني-46'),
(310, 32, 1000, 39000, 'default.jpg', 14, 'ابو الخرز الجديد-اسود-46', '', 1, 'ابو الخرز الجديد-اسود-46'),
(311, 32, 1000, 39000, 'default.jpg', 11, 'ابو الخرز الجديد-نيلي-46', '', 1, 'ابو الخرز الجديد-نيلي-46'),
(312, 32, 1000, 39000, 'default.jpg', 6, 'ابو الخرز الجديد-سمائي-46', '', 1, 'ابو الخرز الجديد-سمائي-46'),
(313, 32, 1000, 39000, 'default.jpg', 13, 'ابو الخرز الجديد-وردي-46', '', 1, 'ابو الخرز الجديد-وردي-46'),
(314, 32, 1000, 39000, 'default.jpg', 17, 'ابو الخرز الجديد-بنفسجي-46', '', 1, 'ابو الخرز الجديد-بنفسجي-46'),
(315, 32, 1000, 39000, 'default.jpg', 0, 'ابو الخرز الجديد-زيتوني-48', '', 1, 'ابو الخرز الجديد-زيتوني-48'),
(316, 32, 1000, 39000, 'default.jpg', 8, 'ابو الخرز الجديد-اسود-48', '', 1, 'ابو الخرز الجديد-اسود-48'),
(317, 32, 1000, 39000, 'default.jpg', 4, 'ابو الخرز الجديد-نيلي-48', '', 1, 'ابو الخرز الجديد-نيلي-48'),
(318, 32, 1000, 39000, 'default.jpg', 11, 'ابو الخرز الجديد-سمائي-48', '', 1, 'ابو الخرز الجديد-سمائي-48'),
(319, 32, 1000, 39000, 'default.jpg', 5, 'ابو الخرز الجديد-وردي-48', '', 1, 'ابو الخرز الجديد-وردي-48'),
(320, 32, 1000, 39000, 'default.jpg', 13, 'ابو الخرز الجديد-بنفسجي-48', '', 1, 'ابو الخرز الجديد-بنفسجي-48'),
(321, 32, 1000, 39000, 'default.jpg', 3, 'ابو الخرز الجديد-زيتوني-50', '', 1, 'ابو الخرز الجديد-زيتوني-50'),
(322, 32, 1000, 39000, 'default.jpg', 7, 'ابو الخرز الجديد-اسود-50', '', 1, 'ابو الخرز الجديد-اسود-50'),
(323, 32, 1000, 39000, 'default.jpg', 4, 'ابو الخرز الجديد-نيلي-50', '', 1, 'ابو الخرز الجديد-نيلي-50'),
(324, 32, 1000, 39000, 'default.jpg', 9, 'ابو الخرز الجديد-سمائي-50', '', 1, 'ابو الخرز الجديد-سمائي-50'),
(325, 32, 1000, 39000, 'default.jpg', 9, 'ابو الخرز الجديد-وردي-50', '', 1, 'ابو الخرز الجديد-وردي-50'),
(326, 32, 1000, 39000, 'default.jpg', 13, 'ابو الخرز الجديد-بنفسجي-50', '', 1, 'ابو الخرز الجديد-بنفسجي-50'),
(327, 32, 1000, 39000, 'default.jpg', 1, 'ابو الخرز الجديد-زيتوني-52', '', 1, 'ابو الخرز الجديد-زيتوني-52'),
(328, 32, 1000, 39000, 'default.jpg', 14, 'ابو الخرز الجديد-اسود-52', '', 1, 'ابو الخرز الجديد-اسود-52'),
(329, 32, 1000, 39000, 'default.jpg', 1, 'ابو الخرز الجديد-نيلي-52', '', 1, 'ابو الخرز الجديد-نيلي-52'),
(330, 32, 1000, 39000, 'default.jpg', 3, 'ابو الخرز الجديد-سمائي-52', '', 1, 'ابو الخرز الجديد-سمائي-52'),
(331, 32, 1000, 39000, 'default.jpg', 0, 'ابو الخرز الجديد-وردي-52', '', 1, 'ابو الخرز الجديد-وردي-52'),
(332, 32, 1000, 39000, 'default.jpg', 9, 'ابو الخرز الجديد-بنفسجي-52', '', 1, 'ابو الخرز الجديد-بنفسجي-52'),
(333, 33, 1000, 39000, 'default.jpg', 2, 'ابو الخرز الجديد-زيتوني-38', '', 1, 'ابو الخرز الجديد-زيتوني-38'),
(334, 33, 1000, 39000, 'default.jpg', 15, 'ابو الخرز الجديد-اسود-38', '', 1, 'ابو الخرز الجديد-اسود-38'),
(335, 33, 1000, 39000, 'default.jpg', 5, 'ابو الخرز الجديد-نيلي-38', '', 1, 'ابو الخرز الجديد-نيلي-38'),
(336, 33, 1000, 39000, 'default.jpg', 5, 'ابو الخرز الجديد-سمائي-38', '', 1, 'ابو الخرز الجديد-سمائي-38'),
(337, 33, 1000, 39000, 'default.jpg', 10, 'ابو الخرز الجديد-وردي-38', '', 1, 'ابو الخرز الجديد-وردي-38'),
(338, 33, 1000, 39000, 'default.jpg', 15, 'ابو الخرز الجديد-بنفسجي-38', '', 1, 'ابو الخرز الجديد-بنفسجي-38'),
(339, 33, 1000, 39000, 'default.jpg', 0, 'ابو الخرز الجديد-زيتوني-40', '', 1, 'ابو الخرز الجديد-زيتوني-40'),
(340, 33, 1000, 39000, 'default.jpg', 14, 'ابو الخرز الجديد-اسود-40', '', 1, 'ابو الخرز الجديد-اسود-40'),
(341, 33, 1000, 39000, 'default.jpg', 5, 'ابو الخرز الجديد-نيلي-40', '', 1, 'ابو الخرز الجديد-نيلي-40'),
(342, 33, 1000, 39000, 'default.jpg', 4, 'ابو الخرز الجديد-سمائي-40', '', 1, 'ابو الخرز الجديد-سمائي-40'),
(343, 33, 1000, 39000, 'default.jpg', 11, 'ابو الخرز الجديد-وردي-40', '', 1, 'ابو الخرز الجديد-وردي-40'),
(344, 33, 1000, 39000, 'default.jpg', 15, 'ابو الخرز الجديد-بنفسجي-40', '', 1, 'ابو الخرز الجديد-بنفسجي-40'),
(345, 33, 1000, 39000, 'default.jpg', 4, 'ابو الخرز الجديد-زيتوني-42', '', 1, 'ابو الخرز الجديد-زيتوني-42'),
(346, 33, 1000, 39000, 'default.jpg', 19, 'ابو الخرز الجديد-اسود-42', '', 1, 'ابو الخرز الجديد-اسود-42'),
(347, 33, 1000, 39000, 'default.jpg', 9, 'ابو الخرز الجديد-نيلي-42', '', 1, 'ابو الخرز الجديد-نيلي-42'),
(348, 33, 1000, 39000, 'default.jpg', 12, 'ابو الخرز الجديد-سمائي-42', '', 1, 'ابو الخرز الجديد-سمائي-42'),
(349, 33, 1000, 39000, 'default.jpg', 13, 'ابو الخرز الجديد-وردي-42', '', 1, 'ابو الخرز الجديد-وردي-42'),
(350, 33, 1000, 39000, 'default.jpg', 18, 'ابو الخرز الجديد-بنفسجي-42', '', 1, 'ابو الخرز الجديد-بنفسجي-42'),
(351, 33, 1000, 39000, 'default.jpg', 4, 'ابو الخرز الجديد-زيتوني-44', '', 1, 'ابو الخرز الجديد-زيتوني-44'),
(352, 33, 1000, 39000, 'default.jpg', 19, 'ابو الخرز الجديد-اسود-44', '', 1, 'ابو الخرز الجديد-اسود-44'),
(353, 33, 1000, 39000, 'default.jpg', 8, 'ابو الخرز الجديد-نيلي-44', '', 1, 'ابو الخرز الجديد-نيلي-44'),
(354, 33, 1000, 39000, 'default.jpg', 9, 'ابو الخرز الجديد-سمائي-44', '', 1, 'ابو الخرز الجديد-سمائي-44'),
(355, 33, 1000, 39000, 'default.jpg', 13, 'ابو الخرز الجديد-وردي-44', '', 1, 'ابو الخرز الجديد-وردي-44'),
(356, 33, 1000, 39000, 'default.jpg', 16, 'ابو الخرز الجديد-بنفسجي-44', '', 1, 'ابو الخرز الجديد-بنفسجي-44'),
(357, 33, 1000, 39000, 'default.jpg', 4, 'ابو الخرز الجديد-زيتوني-46', '', 1, 'ابو الخرز الجديد-زيتوني-46'),
(358, 33, 1000, 39000, 'default.jpg', 14, 'ابو الخرز الجديد-اسود-46', '', 1, 'ابو الخرز الجديد-اسود-46'),
(359, 33, 1000, 39000, 'default.jpg', 11, 'ابو الخرز الجديد-نيلي-46', '', 1, 'ابو الخرز الجديد-نيلي-46'),
(360, 33, 1000, 39000, 'default.jpg', 6, 'ابو الخرز الجديد-سمائي-46', '', 1, 'ابو الخرز الجديد-سمائي-46'),
(361, 33, 1000, 39000, 'default.jpg', 13, 'ابو الخرز الجديد-وردي-46', '', 1, 'ابو الخرز الجديد-وردي-46'),
(362, 33, 1000, 39000, 'default.jpg', 17, 'ابو الخرز الجديد-بنفسجي-46', '', 1, 'ابو الخرز الجديد-بنفسجي-46'),
(363, 33, 1000, 39000, 'default.jpg', 0, 'ابو الخرز الجديد-زيتوني-48', '', 1, 'ابو الخرز الجديد-زيتوني-48'),
(364, 33, 1000, 39000, 'default.jpg', 8, 'ابو الخرز الجديد-اسود-48', '', 1, 'ابو الخرز الجديد-اسود-48'),
(365, 33, 1000, 39000, 'default.jpg', 4, 'ابو الخرز الجديد-نيلي-48', '', 1, 'ابو الخرز الجديد-نيلي-48'),
(366, 33, 1000, 39000, 'default.jpg', 11, 'ابو الخرز الجديد-سمائي-48', '', 1, 'ابو الخرز الجديد-سمائي-48'),
(367, 33, 1000, 39000, 'default.jpg', 5, 'ابو الخرز الجديد-وردي-48', '', 1, 'ابو الخرز الجديد-وردي-48'),
(368, 33, 1000, 39000, 'default.jpg', 13, 'ابو الخرز الجديد-بنفسجي-48', '', 1, 'ابو الخرز الجديد-بنفسجي-48'),
(369, 33, 1000, 39000, 'default.jpg', 3, 'ابو الخرز الجديد-زيتوني-50', '', 1, 'ابو الخرز الجديد-زيتوني-50'),
(370, 33, 1000, 39000, 'default.jpg', 7, 'ابو الخرز الجديد-اسود-50', '', 1, 'ابو الخرز الجديد-اسود-50'),
(371, 33, 1000, 39000, 'default.jpg', 4, 'ابو الخرز الجديد-نيلي-50', '', 1, 'ابو الخرز الجديد-نيلي-50'),
(372, 33, 1000, 39000, 'default.jpg', 9, 'ابو الخرز الجديد-سمائي-50', '', 1, 'ابو الخرز الجديد-سمائي-50'),
(373, 33, 1000, 39000, 'default.jpg', 9, 'ابو الخرز الجديد-وردي-50', '', 1, 'ابو الخرز الجديد-وردي-50'),
(374, 33, 1000, 39000, 'default.jpg', 13, 'ابو الخرز الجديد-بنفسجي-50', '', 1, 'ابو الخرز الجديد-بنفسجي-50'),
(375, 33, 1000, 39000, 'default.jpg', 1, 'ابو الخرز الجديد-زيتوني-52', '', 1, 'ابو الخرز الجديد-زيتوني-52'),
(376, 33, 1000, 39000, 'default.jpg', 14, 'ابو الخرز الجديد-اسود-52', '', 1, 'ابو الخرز الجديد-اسود-52'),
(377, 33, 1000, 39000, 'default.jpg', 1, 'ابو الخرز الجديد-نيلي-52', '', 1, 'ابو الخرز الجديد-نيلي-52'),
(378, 33, 1000, 39000, 'default.jpg', 3, 'ابو الخرز الجديد-سمائي-52', '', 1, 'ابو الخرز الجديد-سمائي-52'),
(379, 33, 1000, 39000, 'default.jpg', 0, 'ابو الخرز الجديد-وردي-52', '', 1, 'ابو الخرز الجديد-وردي-52'),
(380, 33, 1000, 39000, 'default.jpg', 9, 'ابو الخرز الجديد-بنفسجي-52', '', 1, 'ابو الخرز الجديد-بنفسجي-52'),
(381, 34, 1000, 39000, 'default.jpg', 0, 'ابو نونه قماش-اسود-38', '', 1, 'ابو نونه قماش-اسود-38'),
(382, 34, 1000, 39000, 'default.jpg', 1, 'ابو نونه قماش-نيلي-38', '', 1, 'ابو نونه قماش-نيلي-38'),
(383, 34, 1000, 39000, 'default.jpg', 1, 'ابو نونه قماش-وردي-38', '', 1, 'ابو نونه قماش-وردي-38'),
(384, 34, 1000, 39000, 'default.jpg', 1, 'ابو نونه قماش-بنفسجي-38', '', 1, 'ابو نونه قماش-بنفسجي-38'),
(385, 34, 1000, 39000, 'default.jpg', 1, 'ابو نونه قماش-فستقي-38', '', 1, 'ابو نونه قماش-فستقي-38'),
(386, 34, 1000, 39000, 'default.jpg', 0, 'ابو نونه قماش-بيجي-38', '', 1, 'ابو نونه قماش-بيجي-38'),
(387, 34, 1000, 39000, 'default.jpg', 0, 'ابو نونه قماش-اسود-40', '', 1, 'ابو نونه قماش-اسود-40'),
(388, 34, 1000, 39000, 'default.jpg', 1, 'ابو نونه قماش-نيلي-40', '', 1, 'ابو نونه قماش-نيلي-40'),
(389, 34, 1000, 39000, 'default.jpg', 1, 'ابو نونه قماش-وردي-40', '', 1, 'ابو نونه قماش-وردي-40'),
(390, 34, 1000, 39000, 'default.jpg', 1, 'ابو نونه قماش-بنفسجي-40', '', 1, 'ابو نونه قماش-بنفسجي-40'),
(391, 34, 1000, 39000, 'default.jpg', 1, 'ابو نونه قماش-فستقي-40', '', 1, 'ابو نونه قماش-فستقي-40'),
(392, 34, 1000, 39000, 'default.jpg', 1, 'ابو نونه قماش-بيجي-40', '', 1, 'ابو نونه قماش-بيجي-40'),
(393, 34, 1000, 39000, 'default.jpg', 1, 'ابو نونه قماش-اسود-42', '', 1, 'ابو نونه قماش-اسود-42'),
(394, 34, 1000, 39000, 'default.jpg', 1, 'ابو نونه قماش-نيلي-42', '', 1, 'ابو نونه قماش-نيلي-42'),
(395, 34, 1000, 39000, 'default.jpg', 1, 'ابو نونه قماش-وردي-42', '', 1, 'ابو نونه قماش-وردي-42'),
(396, 34, 1000, 39000, 'default.jpg', 0, 'ابو نونه قماش-بنفسجي-42', '', 1, 'ابو نونه قماش-بنفسجي-42'),
(397, 34, 1000, 39000, 'default.jpg', 1, 'ابو نونه قماش-فستقي-42', '', 1, 'ابو نونه قماش-فستقي-42'),
(398, 34, 1000, 39000, 'default.jpg', 1, 'ابو نونه قماش-بيجي-42', '', 1, 'ابو نونه قماش-بيجي-42'),
(399, 34, 1000, 39000, 'default.jpg', 1, 'ابو نونه قماش-اسود-44', '', 1, 'ابو نونه قماش-اسود-44'),
(400, 34, 1000, 39000, 'default.jpg', 0, 'ابو نونه قماش-نيلي-44', '', 1, 'ابو نونه قماش-نيلي-44'),
(401, 34, 1000, 39000, 'default.jpg', 1, 'ابو نونه قماش-وردي-44', '', 1, 'ابو نونه قماش-وردي-44'),
(402, 34, 1000, 39000, 'default.jpg', 2, 'ابو نونه قماش-بنفسجي-44', '', 1, 'ابو نونه قماش-بنفسجي-44'),
(403, 34, 1000, 39000, 'default.jpg', 1, 'ابو نونه قماش-فستقي-44', '', 1, 'ابو نونه قماش-فستقي-44'),
(404, 34, 1000, 39000, 'default.jpg', 1, 'ابو نونه قماش-بيجي-44', '', 1, 'ابو نونه قماش-بيجي-44'),
(405, 34, 1000, 39000, 'default.jpg', 0, 'ابو نونه قماش-اسود-46', '', 1, 'ابو نونه قماش-اسود-46'),
(406, 34, 1000, 39000, 'default.jpg', 1, 'ابو نونه قماش-نيلي-46', '', 1, 'ابو نونه قماش-نيلي-46'),
(407, 34, 1000, 39000, 'default.jpg', 1, 'ابو نونه قماش-وردي-46', '', 1, 'ابو نونه قماش-وردي-46'),
(408, 34, 1000, 39000, 'default.jpg', 1, 'ابو نونه قماش-بنفسجي-46', '', 1, 'ابو نونه قماش-بنفسجي-46'),
(409, 34, 1000, 39000, 'default.jpg', 1, 'ابو نونه قماش-فستقي-46', '', 1, 'ابو نونه قماش-فستقي-46'),
(410, 34, 1000, 39000, 'default.jpg', 1, 'ابو نونه قماش-بيجي-46', '', 1, 'ابو نونه قماش-بيجي-46'),
(411, 34, 1000, 39000, 'default.jpg', 0, 'ابو نونه قماش-اسود-48', '', 1, 'ابو نونه قماش-اسود-48'),
(412, 34, 1000, 39000, 'default.jpg', 1, 'ابو نونه قماش-نيلي-48', '', 1, 'ابو نونه قماش-نيلي-48'),
(413, 34, 1000, 39000, 'default.jpg', 1, 'ابو نونه قماش-وردي-48', '', 1, 'ابو نونه قماش-وردي-48'),
(414, 34, 1000, 39000, 'default.jpg', 1, 'ابو نونه قماش-بنفسجي-48', '', 1, 'ابو نونه قماش-بنفسجي-48'),
(415, 34, 1000, 39000, 'default.jpg', 1, 'ابو نونه قماش-فستقي-48', '', 1, 'ابو نونه قماش-فستقي-48'),
(416, 34, 1000, 39000, 'default.jpg', 0, 'ابو نونه قماش-بيجي-48', '', 1, 'ابو نونه قماش-بيجي-48'),
(417, 35, 40000, 50000, NULL, 89, 'some Nine shirt', '', 0, 'some Nine shirt');

-- --------------------------------------------------------

--
-- Table structure for table `images`
--

CREATE TABLE `images` (
  `id` int(11) NOT NULL,
  `product_id` int(11) NOT NULL,
  `path` varchar(250) NOT NULL
) ENGINE=InnoDB DEFAULT CHARSET=utf8mb4;

--
-- Dumping data for table `images`
--

INSERT INTO `images` (`id`, `product_id`, `path`) VALUES
(1, 12, '12/5ec52e8f0cb41.png'),
(2, 12, '12/5ec52e8f0d87c.png'),
(3, 13, '13/5ec52ea77027c.png'),
(4, 13, '13/5ec52ea77134d.png'),
(5, 14, '14/5eca9b1096f51.png'),
(6, 1, '1/5eca9da7f2403.jpg'),
(7, 2, '2/5ecada231fd6c.jpg'),
(8, 3, '3/5ed3b864710be.png'),
(9, 4, '4/5ed78dbb5a4dc.png'),
(10, 4, '4/5ed78dbb5b33d.png'),
(11, 4, '4/5ed78dbb5bd4e.png'),
(12, 4, '4/5ed78dbb5cf12.png'),
(13, 4, '4/5ed78dbb5da57.png'),
(14, 5, '5/5ed78dc8b82b8.png'),
(15, 5, '5/5ed78dc8b924b.png'),
(16, 5, '5/5ed78dc8b9d98.png'),
(17, 5, '5/5ed78dc8bad77.png'),
(18, 5, '5/5ed78dc8bb8ea.png'),
(19, 6, '6/5ed78ddc590fe.png'),
(20, 6, '6/5ed78ddc5a069.png'),
(21, 6, '6/5ed78ddc5aca8.png'),
(22, 6, '6/5ed78ddc5baac.png'),
(23, 6, '6/5ed78ddc5c4ad.png'),
(24, 7, '7/5ed78e255b9b1.png'),
(25, 7, '7/5ed78e255c3b9.png'),
(26, 7, '7/5ed78e255ce94.png'),
(27, 7, '7/5ed78e255db0c.png'),
(28, 7, '7/5ed78e255e593.png'),
(29, 8, '8/5ed7aa20d309f.png'),
(30, 8, '8/5ed7aa20d3c06.png'),
(31, 9, '9/5ed7ae9d0247d.png'),
(32, 10, '10/5edbc9024f3bd.png'),
(33, 10, '10/5edbc9025003b.png'),
(34, 10, '10/5edbc90250ccb.png'),
(35, 10, '10/5edbc90251a7c.png'),
(36, 10, '10/5edbc902525fc.png'),
(37, 11, '11/5edbc953d12c7.png'),
(38, 11, '11/5edbc953d1e1d.png'),
(39, 11, '11/5edbc953d298b.png'),
(40, 11, '11/5edbc953d3b47.png'),
(41, 11, '11/5edbc953d4700.png'),
(42, 12, '12/5ede727168631.jpg'),
(43, 13, '13/5ede7383ac8ac.png'),
(44, 14, '14/5ede7422e0207.png'),
(45, 15, '15/5ede7b4eefe57.png'),
(46, 16, '16/5ede7ccdf3c56.jpg'),
(47, 17, '17/5ede7dee2d3a0.jpg'),
(48, 18, '18/5ede7e482f081.jpg'),
(49, 19, '19/5ee40022f38fc.jpg'),
(50, 20, '20/5ee401911dc16.jpg'),
(51, 21, '21/5ee4f6816d04c.jpg'),
(52, 22, '22/5ee4fa65d6b57.jpg'),
(53, 22, '22/5ee4fa65d6f17.jpg'),
(54, 22, '22/5ee4fa65d741e.jpg'),
(55, 23, '23/5ee51a2c33929.jpg'),
(56, 24, '24/5ef1cd151d830.jpg'),
(57, 25, '25/5ef1cdc048bf5.jpg'),
(58, 26, '26/5ef2105449922.jpeg'),
(59, 27, '27/5ef27eb87706b.jpg'),
(60, 28, '28/5ef280cd52459.jpg'),
(61, 29, '29/5ef282330e8d1.jpg'),
(62, 30, '30/5ef2fd021c30d.jpg'),
(63, 31, '31/5ef30ec572905.jpg'),
(64, 32, '32/5ef30ec5934d4.jpg'),
(65, 33, '33/5ef30ec5ed1f1.jpg'),
(66, 34, '34/5ef31ee9d499d.jpg'),
(67, 35, '35/5f049b6b1fa59.jpg');

-- --------------------------------------------------------

--
-- Table structure for table `mandop_stores`
--

CREATE TABLE `mandop_stores` (
  `id` int(11) NOT NULL,
  `mandop_id` int(11) NOT NULL,
  `store_id` int(11) NOT NULL,
  `date` datetime NOT NULL DEFAULT current_timestamp(),
  `manager_id` int(11) NOT NULL,
  `earnings_fix` double NOT NULL DEFAULT 0,
  `earnings_total` int(11) NOT NULL DEFAULT 0
) ENGINE=InnoDB DEFAULT CHARSET=utf8mb4;

--
-- Dumping data for table `mandop_stores`
--

INSERT INTO `mandop_stores` (`id`, `mandop_id`, `store_id`, `date`, `manager_id`, `earnings_fix`, `earnings_total`) VALUES
(10, 29, 9, '2020-06-09 22:38:46', 1, 0, 10),
(11, 28, 11, '2020-07-12 17:14:05', 1, 0, 10),
(12, 28, 12, '2020-07-12 17:14:14', 1, 500, 0);

-- --------------------------------------------------------

--
-- Table structure for table `orders`
--

CREATE TABLE `orders` (
  `id` int(11) NOT NULL,
  `total_price` int(11) NOT NULL DEFAULT 0,
  `delivery_company_id` int(11) NOT NULL DEFAULT 0,
  `city_id` int(11) NOT NULL,
  `town_id` int(11) NOT NULL,
  `address` varchar(250) DEFAULT NULL,
  `customer_phone` varchar(18) NOT NULL,
  `customer_name` varchar(250) NOT NULL,
  `note` varchar(250) NOT NULL,
  `order_status_id` int(11) NOT NULL DEFAULT 1,
  `money_status` int(11) NOT NULL DEFAULT 0,
  `manager_id` int(11) NOT NULL,
  `order_no` bigint(20) NOT NULL,
  `mandop_id` int(11) NOT NULL,
  `confirm` int(11) NOT NULL DEFAULT 1,
  `dev_date` datetime NOT NULL DEFAULT current_timestamp(),
  `date` datetime NOT NULL DEFAULT current_timestamp(),
  `discount` double NOT NULL DEFAULT 0,
  `store_id` int(11) NOT NULL DEFAULT 0,
  `invoice_id` int(11) NOT NULL DEFAULT 0,
  `type` int(11) NOT NULL DEFAULT 1,
  `oldOrder_id` int(11) NOT NULL DEFAULT 0,
  `bar_code` varchar(250) DEFAULT NULL
) ENGINE=InnoDB DEFAULT CHARSET=utf8mb4;

--
-- Dumping data for table `orders`
--

INSERT INTO `orders` (`id`, `total_price`, `delivery_company_id`, `city_id`, `town_id`, `address`, `customer_phone`, `customer_name`, `note`, `order_status_id`, `money_status`, `manager_id`, `order_no`, `mandop_id`, `confirm`, `dev_date`, `date`, `discount`, `store_id`, `invoice_id`, `type`, `oldOrder_id`, `bar_code`) VALUES
(1, 0, 0, 1, 19, '', '07832338249', 'ملك', 'صباحا', 1, 0, 1, 5000, 1, 1, '2020-06-12 22:36:33', '2020-06-12 22:36:33', 0, 11, 0, 1, 0, NULL),
(2, 0, 0, 6, 333, '', '07883882882', 'mohamed ali', '', 1, 0, 35, 5001, 35, 1, '2020-06-27 23:40:05', '2020-06-27 23:40:05', 0, 11, 0, 1, 0, NULL),
(3, 0, 0, 5, 39, 'Flat 14 Egerton court\r\nUpper park road', '07872811661', 'حيدر', '', 1, 0, 1, 5002, 35, 1, '2020-07-05 13:43:02', '2020-07-05 13:43:02', 0, 11, 0, 1, 0, NULL),
(4, 78000, 0, 6, 40, '', '07822816693', 'محمد رضا', '', 1, 0, 1, 5003, 1, 1, '2020-07-05 14:19:00', '2020-07-05 14:19:00', 0, 11, 0, 1, 0, NULL),
(5, 39000, 0, 8, 3, '', '08979786655', 'Ali', '', 1, 0, 1, 5004, 1, 1, '2020-07-05 14:22:08', '2020-07-05 14:22:08', 0, 11, 0, 1, 0, NULL),
(6, 39000, 0, 8, 3, '', '876543215643', 'Ali', '', 1, 0, 1, 5005, 1, 1, '2020-07-05 14:28:05', '2020-07-05 14:28:05', 0, 11, 0, 1, 0, NULL),
(7, 39000, 0, 1, 19, '', '0908079665', 'Mohammed', '', 1, 0, 1, 5006, 1, 1, '2020-07-05 15:25:20', '2020-07-05 15:25:20', 0, 11, 0, 1, 0, NULL),
(8, 117000, 0, 9, 42, '', '78907789078', 'ALi', '', 1, 0, 1, 5007, 1, 1, '2020-07-06 21:28:25', '2020-07-06 21:28:25', 0, 11, 0, 1, 0, NULL),
(9, 39000, 0, 8, 3, '', '12345678990', 'ALi', '', 1, 0, 1, 5008, 1, 1, '2020-07-07 18:54:54', '2020-07-07 18:54:54', 5000, 11, 0, 1, 0, NULL),
(10, 39000, 0, 6, 333, '', '07822091934', 'Ahmed Ali', '', 1, 0, 1, 5009, 1, 1, '2020-07-07 18:58:37', '2020-07-07 18:58:37', 1752.808988764, 11, 0, 1, 0, NULL),
(11, 50000, 0, 6, 333, '', '07822091934', 'Ahmed Ali', '', 1, 0, 1, 5010, 1, 1, '2020-07-07 18:58:37', '2020-07-07 18:58:37', 2247.191011236, 12, 0, 1, 0, NULL),
(12, 39000, 0, 7, 41, '', '09879775899', 'Jassam', '', 1, 0, 1, 5011, 1, 1, '2020-07-07 19:12:48', '2020-07-07 19:12:48', 1000, 11, 0, 1, 0, NULL),
(13, 50000, 0, 7, 41, '', '09879775899', 'Jassam', '', 1, 0, 1, 5012, 1, 1, '2020-07-07 19:12:48', '2020-07-07 19:12:48', 1000, 12, 0, 1, 0, NULL),
(14, 39000, 0, 9, 42, '', '13245678976', 'Ahmed', '', 1, 0, 1, 5013, 1, 1, '2020-07-07 19:14:36', '2020-07-07 19:14:36', 1500, 11, 0, 1, 0, NULL),
(15, 50000, 0, 9, 42, '', '13245678976', 'Ahmed', '', 1, 0, 1, 5014, 1, 1, '2020-07-07 19:14:36', '2020-07-07 19:14:36', 2000, 12, 0, 1, 0, NULL),
(16, 78000, 0, 9, 42, '', '13245678976', 'Ahmed', '', 1, 0, 1, 5015, 1, 1, '2020-07-08 18:21:49', '2020-07-08 18:21:49', 8750, 11, 0, 1, 0, NULL),
(17, 100000, 0, 9, 42, '', '13245678976', 'Ahmed', '', 1, 0, 1, 5016, 1, 1, '2020-07-08 18:21:49', '2020-07-08 18:21:49', 11250, 12, 0, 1, 0, NULL),
(18, 39000, 0, 9, 42, '', '13245678976', 'Ahmed', '', 1, 0, 1, 5017, 1, 1, '2020-07-08 18:23:23', '2020-07-08 18:23:23', 0, 11, 0, 1, 0, NULL),
(19, 39000, 0, 9, 42, '', '13245678976', 'Ahmed', '', 1, 0, 1, 5018, 1, 1, '2020-07-08 18:48:36', '2020-07-08 18:48:36', 0, 11, 0, 1, 0, NULL),
(20, 50000, 0, 9, 42, '', '13245678976', 'Ahmed', '', 1, 0, 1, 5019, 1, 1, '2020-07-08 18:48:36', '2020-07-08 18:48:36', 0, 12, 0, 1, 0, NULL),
(21, 39000, 0, 7, 41, '', '08988777777', 'Jsam Ali', '', 1, 0, 1, 5020, 1, 1, '2020-07-08 19:07:00', '2020-07-08 19:07:00', 0, 11, 0, 1, 0, NULL),
(22, 50000, 0, 7, 41, '', '08988777777', 'Jsam Ali', '', 1, 0, 1, 5021, 1, 1, '2020-07-08 19:07:00', '2020-07-08 19:07:00', 0, 12, 0, 1, 0, NULL),
(23, 39000, 2, 7, 41, '', '08988777777', 'Jsam Ali', '', 1, 0, 1, 5, 1, 1, '2020-07-08 19:26:54', '2020-07-08 19:26:54', 4500, 11, 0, 1, 0, '26804'),
(24, 50000, 0, 7, 41, '', '08988777777', 'Jsam Ali', '', 1, 0, 1, 4, 1, 1, '2020-07-08 19:26:54', '2020-07-08 19:26:54', 5500, 12, 0, 1, 0, NULL),
(25, 39000, 0, 7, 41, '', '08988777777', 'Jsam Ali', '', 1, 0, 1, 5555, 1, 1, '2020-07-08 19:29:40', '2020-07-08 19:29:40', 0, 11, 0, 1, 0, NULL),
(26, 50000, 0, 7, 41, '', '08988777777', 'Jsam Ali', '', 1, 0, 1, 4444, 1, 1, '2020-07-08 19:29:40', '2020-07-08 19:29:40', 0, 12, 0, 1, 0, NULL),
(27, 39000, 0, 7, 41, '', '08988777777', 'Jsam Ali', '', 1, 0, 1, 4445, 1, 1, '2020-07-08 23:25:09', '2020-07-08 23:25:09', 0, 11, 0, 1, 0, NULL),
(28, 50000, 0, 7, 41, '', '08988777777', 'Jsam Ali', '', 1, 0, 1, 5022, 1, 1, '2020-07-08 23:25:09', '2020-07-08 23:25:09', 0, 12, 0, 1, 0, NULL),
(29, 39000, 0, 7, 41, '', '08988777777', 'Jsam Ali', '', 1, 0, 1, 5023, 1, 1, '2020-07-09 19:01:03', '2020-07-09 19:01:03', 1750, 11, 0, 1, 0, NULL),
(30, 50000, 0, 7, 41, '', '08988777777', 'Jsam Ali', '', 1, 0, 1, 4321, 1, 1, '2020-07-09 19:01:03', '2020-07-09 19:01:03', 2250, 12, 0, 1, 0, NULL),
(31, 156000, 0, 7, 41, '', '08988777777', 'Jsam Ali', '', 4, 0, 1, 5025, 1, 1, '2020-07-10 18:49:46', '2020-07-10 18:49:46', 0, 11, 0, 1, 0, NULL),
(32, 78000, 0, 7, 41, '', '08988777777', 'Jsam Ali', '', 1, 0, 1, 5026, 1, 1, '2020-07-11 14:39:03', '2020-07-11 14:39:03', 0, 11, 0, 1, 0, NULL),
(33, 78000, 0, 6, 40, '', '0898877777', 'محمد باسم', '', 5, 0, 1, 5027, 1, 1, '2020-07-11 18:17:19', '2020-07-11 18:17:19', 0, 11, 0, 2, 21, NULL);

-- --------------------------------------------------------

--
-- Table structure for table `order_items`
--

CREATE TABLE `order_items` (
  `id` int(11) NOT NULL,
  `configurable_product_id` int(11) NOT NULL,
  `price` double DEFAULT 0,
  `discount` double DEFAULT NULL,
  `qty` int(11) NOT NULL,
  `date` datetime NOT NULL DEFAULT current_timestamp(),
  `order_id` int(11) NOT NULL,
  `storage_manager_id` int(11) DEFAULT NULL,
  `mandop_id` int(11) NOT NULL,
  `item_status` int(11) NOT NULL DEFAULT 0
) ENGINE=InnoDB DEFAULT CHARSET=utf8mb4;

--
-- Dumping data for table `order_items`
--

INSERT INTO `order_items` (`id`, `configurable_product_id`, `price`, `discount`, `qty`, `date`, `order_id`, `storage_manager_id`, `mandop_id`, `item_status`) VALUES
(1, 81, 1, NULL, 1, '2020-06-12 22:36:33', 1, NULL, 1, 0),
(2, 154, 35, NULL, 1, '2020-06-27 23:40:05', 2, NULL, 35, 1),
(3, 163, 35, NULL, 1, '2020-06-27 23:40:05', 2, NULL, 35, 1),
(4, 206, 35, NULL, 1, '2020-06-27 23:40:05', 2, NULL, 35, 6),
(5, 181, 35, NULL, 1, '2020-07-05 13:43:02', 3, NULL, 35, 1),
(6, 155, 1, NULL, 1, '2020-07-05 14:19:00', 4, NULL, 1, 1),
(7, 156, 1, NULL, 1, '2020-07-05 14:19:00', 4, NULL, 1, 1),
(8, 156, 1, NULL, 1, '2020-07-05 14:22:08', 5, NULL, 1, 1),
(9, 157, 1, NULL, 1, '2020-07-05 14:28:05', 6, NULL, 1, 1),
(10, 156, 1, NULL, 1, '2020-07-05 15:25:20', 7, NULL, 1, 1),
(11, 155, 1, NULL, 1, '2020-07-06 21:28:25', 8, NULL, 1, 1),
(12, 156, 1, NULL, 2, '2020-07-06 21:28:25', 8, NULL, 1, 1),
(13, 155, 1, NULL, 1, '2020-07-07 18:54:54', 9, NULL, 1, 1),
(14, 155, 1, NULL, 1, '2020-07-07 18:58:37', 10, NULL, 1, 1),
(15, 417, 1, NULL, 1, '2020-07-07 18:58:37', 11, NULL, 1, 1),
(16, 155, 1, NULL, 1, '2020-07-07 19:12:48', 12, NULL, 1, 1),
(17, 417, 1, NULL, 1, '2020-07-07 19:12:48', 13, NULL, 1, 1),
(18, 164, 1, NULL, 1, '2020-07-07 19:14:36', 14, NULL, 1, 1),
(19, 417, 1, NULL, 1, '2020-07-07 19:14:36', 15, NULL, 1, 1),
(20, 155, 1, NULL, 1, '2020-07-08 18:21:49', 16, NULL, 1, 1),
(21, 155, 1, NULL, 1, '2020-07-08 18:21:49', 16, NULL, 1, 1),
(22, 417, 1, NULL, 1, '2020-07-08 18:21:49', 17, NULL, 1, 1),
(23, 417, 1, NULL, 1, '2020-07-08 18:21:49', 17, NULL, 1, 1),
(24, 155, 1, NULL, 1, '2020-07-08 18:23:23', 18, NULL, 1, 1),
(25, 155, 1, NULL, 1, '2020-07-08 18:48:36', 19, NULL, 1, 1),
(26, 417, 1, NULL, 1, '2020-07-08 18:48:36', 20, NULL, 1, 1),
(27, 155, 1, NULL, 1, '2020-07-08 19:07:00', 21, NULL, 1, 1),
(28, 417, 1, NULL, 1, '2020-07-08 19:07:00', 22, NULL, 1, 1),
(29, 164, 1, NULL, 1, '2020-07-08 19:26:54', 23, NULL, 1, 1),
(30, 417, 1, NULL, 1, '2020-07-08 19:26:54', 24, NULL, 1, 1),
(31, 155, 1, NULL, 1, '2020-07-08 19:29:40', 25, NULL, 1, 1),
(32, 417, 1, NULL, 1, '2020-07-08 19:29:40', 26, NULL, 1, 1),
(33, 155, 1, NULL, 1, '2020-07-08 23:25:09', 27, NULL, 1, 1),
(34, 417, 1, NULL, 1, '2020-07-08 23:25:09', 28, NULL, 1, 1),
(35, 155, 1, NULL, 1, '2020-07-09 19:01:03', 29, NULL, 1, 1),
(36, 417, 1, NULL, 1, '2020-07-09 19:01:03', 30, NULL, 1, 1),
(37, 155, 1, NULL, 1, '2020-07-10 18:49:46', 31, NULL, 1, 4),
(38, 156, 1, NULL, 1, '2020-07-10 18:49:46', 31, NULL, 1, 4),
(39, 158, 1, NULL, 1, '2020-07-10 18:49:46', 31, NULL, 1, 4),
(40, 161, 1, NULL, 1, '2020-07-10 18:49:46', 31, NULL, 1, 4),
(41, 155, 1, NULL, 1, '2020-07-11 14:39:03', 32, NULL, 1, 0),
(42, 163, 1, NULL, 1, '2020-07-11 14:39:03', 32, NULL, 1, 0),
(43, 157, 1, NULL, 1, '2020-07-11 18:17:19', 33, NULL, 1, 5),
(44, 155, 1, NULL, 1, '2020-07-11 18:17:19', 33, NULL, 1, 5);

-- --------------------------------------------------------

--
-- Table structure for table `order_status`
--

CREATE TABLE `order_status` (
  `id` int(11) NOT NULL,
  `status` varchar(200) NOT NULL,
  `note` varchar(250) NOT NULL
) ENGINE=InnoDB DEFAULT CHARSET=utf8mb4;

--
-- Dumping data for table `order_status`
--

INSERT INTO `order_status` (`id`, `status`, `note`) VALUES
(1, 'تم تسجيل الطلب', '/'),
(2, 'جاهز للارسال', ''),
(3, 'بالطريق مع المندوب', ''),
(4, 'تم تسليم الطلب', ''),
(5, 'استبدال الطلب', ''),
(6, 'راجع جزئي', ''),
(7, 'مؤجل ', ''),
(8, 'تغير عنوان', ''),
(9, 'راحع كلي', 'لن تكون هناك اجرة توصيل');

-- --------------------------------------------------------

--
-- Table structure for table `product`
--

CREATE TABLE `product` (
  `id` int(11) NOT NULL,
  `name` varchar(250) NOT NULL,
  `type` int(1) NOT NULL COMMENT '1 simple 2 configurable',
  `des` varchar(3000) DEFAULT NULL,
  `category_id` int(11) NOT NULL,
  `simple_des` varchar(250) DEFAULT NULL,
  `store_id` int(11) NOT NULL
) ENGINE=InnoDB DEFAULT CHARSET=utf8mb4;

--
-- Dumping data for table `product`
--

INSERT INTO `product` (`id`, `name`, `type`, `des`, `category_id`, `simple_des`, `store_id`) VALUES
(1, 'HP Computer', 2, NULL, 1, 'Good Quality ', 10),
(2, 'Dell', 2, NULL, 1, '', 10),
(3, 'lklkl', 2, NULL, 1, 'kjlkj', 10),
(4, 'Printer', 2, NULL, 1, '', 10),
(5, 'Printer', 2, NULL, 1, '', 10),
(6, 'Printer', 2, NULL, 1, '', 10),
(7, 'Printer', 2, NULL, 1, '', 10),
(8, 'Dress', 2, NULL, 1, '', 10),
(9, 'Php course', 2, NULL, 2, 'this course is going to be provided for advances web developers', 10),
(10, 'Office ', 1, 'some data', 1, 'word Excel', 9),
(11, 'Office ', 1, 'some data', 1, 'word Excel', 9),
(12, 'New Items', 2, 'New Items', 13, 'New Items', 9),
(13, 'ME and MY', 2, '', 12, 'It new Brand', 9),
(14, 'Good Trouser', 2, '', 12, 'Good Trouser', 9),
(15, 'Good Dress', 2, '', 9, '', 9),
(16, 'حذاء وردي', 2, '', 11, 'حذاء وردي', 9),
(17, 'buitrkfmdl;', 2, '', 1, '', 9),
(18, 'Good Item', 2, '', 9, '', 9),
(19, 'عيشان', 2, '', 9, 'كابوي موديل جديد', 11),
(20, 'كابوي مربعات', 2, '', 11, 'كابوي', 11),
(21, 'عيشان كابوي', 2, '', 11, 'كابوي القماش صيفي\r\n', 11),
(22, 'فستان نيلي ', 2, '', 11, 'قماش برادا تركي', 11),
(23, 'كوستم ابو ٤٩ الف', 2, '', 11, 'شيفون مع بنطرون', 11),
(24, 'ورد شبه نونه', 2, '', 11, 'موديل من مس فالي كلوشة', 11),
(25, 'كابوي مع بدي ابيض', 2, '', 11, 'كابوي ٣ قطع من مس فالي ', 11),
(26, 'شيفون ردن من مس فالي شيبيه عيشان', 2, '', 11, 'قماش دابل من ماركة مس فالي', 11),
(27, 'حزام صدر', 2, '', 11, 'عيشان برادا تركي', 11),
(28, 'ابو الجنطة', 2, '', 11, 'عيشان برادا تركي ابو الجنطة', 11),
(29, 'ابو الحزام الجلد كابوي', 2, '', 11, '', 11),
(30, 'ابو الحزام الجلد', 2, '', 11, '', 11),
(31, 'ابو الخرز الجديد', 2, '', 11, 'كوستم الجديد', 11),
(32, 'ابو الخرز الجديد', 2, '', 11, 'كوستم الجديد', 11),
(33, 'ابو الخرز الجديد', 2, '', 11, 'كوستم الجديد', 11),
(34, 'ابو نونه قماش', 2, '', 11, '', 11),
(35, 'some Nine shirt', 1, '', 9, '', 12);

-- --------------------------------------------------------

--
-- Table structure for table `receipts`
--

CREATE TABLE `receipts` (
  `id` int(11) NOT NULL,
  `from_receipt` bigint(20) NOT NULL,
  `to_receipt` bigint(20) NOT NULL,
  `company_id` int(11) NOT NULL,
  `date` datetime NOT NULL DEFAULT current_timestamp()
) ENGINE=InnoDB DEFAULT CHARSET=utf8mb4;

--
-- Dumping data for table `receipts`
--

INSERT INTO `receipts` (`id`, `from_receipt`, `to_receipt`, `company_id`, `date`) VALUES
(2, 3000, 3000, 0, '2020-06-11 18:27:33'),
(3, 5028, 6000, 0, '2020-06-11 19:32:43'),
(4, 1001, 1300, 0, '2020-06-27 23:42:29');

-- --------------------------------------------------------

--
-- Table structure for table `role`
--

CREATE TABLE `role` (
  `id` int(11) NOT NULL,
  `name` varchar(200) NOT NULL
) ENGINE=InnoDB DEFAULT CHARSET=utf8mb4;

--
-- Dumping data for table `role`
--

INSERT INTO `role` (`id`, `name`) VALUES
(1, 'مدير الشركة'),
(2, 'محاسب'),
(3, 'موظف'),
(4, 'مندوب'),
(5, 'مدير مخزن'),
(6, 'موظف طؤرئ');

-- --------------------------------------------------------

--
-- Table structure for table `staff`
--

CREATE TABLE `staff` (
  `id` int(11) NOT NULL,
  `name` varchar(200) NOT NULL,
  `phone` varchar(18) NOT NULL,
  `branch_id` int(11) NOT NULL,
  `id_copy` varchar(100) NOT NULL DEFAULT 'defult.png',
  `employee_id` int(11) DEFAULT NULL,
  `phone_2` varchar(18) DEFAULT NULL,
  `role_id` int(11) NOT NULL,
  `password` varchar(100) NOT NULL,
  `email` varchar(250) DEFAULT ' ',
  `account_type` int(11) NOT NULL DEFAULT 1,
  `status` int(11) NOT NULL DEFAULT 1,
  `token` varchar(500) DEFAULT NULL
) ENGINE=InnoDB DEFAULT CHARSET=utf8mb4;

--
-- Dumping data for table `staff`
--

INSERT INTO `staff` (`id`, `name`, `phone`, `branch_id`, `id_copy`, `employee_id`, `phone_2`, `role_id`, `password`, `email`, `account_type`, `status`, `token`) VALUES
(1, 'Mohammed Mohammed', '07822816693', 1, '1/5e56c045a3ef7.jpg', NULL, NULL, 1, '$2a$07$7hbl9LryvI8nNRgpADKis.zCWKu7x4VkqMlVXYvTxOz1R8YwOI1Ya', 'mohammed.mrm4@gmail.com', 0, 1, 'dARV6p02B97sZVZdnTLg4v:APA91bEfrRQ_P84hwuR5Ba0lo4aukuGaiJBsNrV9VH-90OnEsJ3qkuANEC8pHXpktMbOU-wjCCpbyaWFoBjka18AQ7VDQ7ad03HlfF_rX-NOi5fGn4Ap2bBxtifpgs59SY1P-tiq8SgZ'),
(6, 'Ali Mohammed Redha', '07822816695', 1, 'defult.png	', NULL, NULL, 6, '$2a$07$ABkq4GIgHOksKNa0LULD6.GoyLRv6Y4htk7IFECi/HFaiD7AKbhNy', '', 2, 0, NULL),
(7, 'مرتضى عباس', '07822816694', 1, 'defult.png', NULL, NULL, 6, '$2a$07$ASDiur1hLSVGu3DGEervgOe2nltbk4ocXWUdiZRDcOOcbknoh/rgq', ' ', 2, 0, NULL),
(25, 'محمد حمزه', '07804006681', 1, '1/5eb3b18f74146.jpg', NULL, NULL, 5, '$2a$07$e3rDm740vOhPyZ8isRniKONKgKhfy2WKrOTALqEt9IfxV6CwkdnSW', '', 1, 1, 'cQSurNQNS2qMfoHozAMchV:APA91bG1WxW6PEqrNklRwKqwrJ5RxnviPlzRPwKFaSdzjpNVcUOJShBP2xJFRfOajGE2KKMQmC66KllRoah7hgY4HD8LShe2U0idbxX2_cZnb5b2VKD_YcgdisH4_B_zIgqaArTXFn6S'),
(27, 'غفران ', '07715880358', 1, '1/5eb7f7be00ff4.jpg', NULL, NULL, 1, '$2a$07$3T4HJQbdKCWeGblUkdCn2uU6dkAD3GQDdGADiM.s1Jy/doS.bdRka', '', 1, 1, NULL),
(28, 'سائق بغداد', '1234567890', 1, '1/5eb81362b8013.jpg', NULL, NULL, 4, '$2a$07$VjkBWXmoWnc28EvWqCY98ukrW0VZAhBThmZRpgYi9yquksqpeOYjC', '', 1, 1, NULL),
(29, 'صادق', '07723456734', 3, '3/5eb81391d84e6.jpg', NULL, NULL, 4, '$2a$07$TbhrtRXA1QR2XxBFT40viuDhOU7RMMSIv1lsLP69lvTCngom0/y7K', '', 1, 1, NULL),
(30, 'Yousif Ayad', '07721415720', 1, '1/5ebbac36f1f01.jpg', NULL, NULL, 5, '$2a$07$lCYyUeXAHTONlD0764IKh.MCixrSThkbTfojXTUkONzTjixHT3Fl2', '', 1, 1, 'cm0p8R_x4tXOf4HYf6-wdW:APA91bGhb-gStV6EpfkKXK0c0CghXNrHSBZO0mRh2vmVErCOAUsWsZW78RIv5zkQd8xZS5XpTtqqSVEIV4d2l-LYpcYHUwRDIcbSlyikru6WI72UXmJzoyzJnp1hsLzv8bakKjNWPVmT'),
(31, 'علي حسن', '07827134799', 1, '1/5ebbaf3f103a3.jpg', NULL, NULL, 5, '$2a$07$nFTHmgEYcr7YBYNVWiTT6unPgU1Czx6Kl9KpAr37gg6R8Hd1SIEAi', '', 1, 1, NULL),
(32, 'حازم ناظم', '07828899415', 1, '1/5ebbb26d5fc33.jpg', NULL, NULL, 5, '$2a$07$AEJ8CCfx67Cy5nZMlae2zenL4lOV9x/n10AmBdRqHQQzG00ZpI2Du', '', 1, 1, NULL),
(33, 'مصطفى ستور078', '07700770949', 1, '1/5ebbb79b7843f.jpg', NULL, NULL, 5, '$2a$07$fKVGSkt7zkJ6d20ddA0x8ufLhOc3OdY4nfi7bjvqS4bVZkOw8URyS', '', 1, 1, NULL),
(34, 'Ahmed Altememi', '07737725580', 1, '1/5ebbb9b38bbe1.jpg', NULL, NULL, 1, '$2a$07$qS8SVzxVtBeKdMXNrSPfUOtjZcRWOtOU0G2yPOCdvhPU7KQXuj/Dq', '', 1, 1, 'fSUh_hzEAZS5palJ_erFjQ:APA91bHa6w_-IBcWxsKExUXgG_swgxp3YQueE_BpBq-0wskLWRTYh13bMk3OgQp1W2pv_a0EdpmDKWkD68dHK2ixnmUf-UGQHSFDDxZo0XeBJyD7G4ZXYJ0RHQZnlEeE9gn99Ggo-7Fh'),
(35, 'Tabarek Ali', '07872811661', 1, '1/5ee50ccd6701c.jpg', NULL, NULL, 1, '$2a$07$2VQN6Gw82jzRUT8YwkZRS.aUNeIx.yd2z.8bxrlfvQT0QuIZRfxru', 'hayder_ok@yahoo.com', 1, 1, NULL),
(36, 'فقار حسن', '07814685122', 1, '1/5ef4fc065fbd2.jpg', NULL, NULL, 4, '$2a$07$hjbtGElCQQKOfLVwy0O6buZnQiNzWXsZv8Ax15lmAJcYbsUqBTgXO', '', 1, 1, NULL);

-- --------------------------------------------------------

--
-- Table structure for table `stores`
--

CREATE TABLE `stores` (
  `id` int(11) NOT NULL,
  `client_id` int(11) NOT NULL,
  `name` varchar(200) NOT NULL,
  `date` datetime NOT NULL DEFAULT current_timestamp(),
  `note` varchar(250) DEFAULT NULL
) ENGINE=InnoDB DEFAULT CHARSET=utf8mb4;

--
-- Dumping data for table `stores`
--

INSERT INTO `stores` (`id`, `client_id`, `name`, `date`, `note`) VALUES
(11, 2, 'فيس شوب', '2020-06-12 22:08:05', ''),
(12, 2, 'ملك الجاد', '2020-06-12 22:08:23', ''),
(13, 2, 'Moamel', '2020-06-25 19:33:56', '');

-- --------------------------------------------------------

--
-- Table structure for table `sub_option`
--

CREATE TABLE `sub_option` (
  `id` int(11) NOT NULL,
  `configurable_product_id` int(11) NOT NULL,
  `attribute_id` int(11) DEFAULT NULL,
  `attribute_config_id` int(11) NOT NULL
) ENGINE=InnoDB DEFAULT CHARSET=utf8mb4;

--
-- Dumping data for table `sub_option`
--

INSERT INTO `sub_option` (`id`, `configurable_product_id`, `attribute_id`, `attribute_config_id`) VALUES
(1, 1, 1, 1),
(2, 1, 2, 9),
(3, 2, 1, 2),
(4, 2, 2, 9),
(5, 3, 1, 3),
(6, 3, 2, 9),
(7, 4, 1, 4),
(8, 4, 2, 9),
(9, 5, 1, 5),
(10, 5, 2, 9),
(11, 6, 1, 1),
(12, 6, 2, 10),
(13, 7, 1, 2),
(14, 7, 2, 10),
(15, 8, 1, 3),
(16, 8, 2, 10),
(17, 9, 1, 4),
(18, 9, 2, 10),
(19, 10, 1, 5),
(20, 10, 2, 10),
(21, 11, 1, 1),
(22, 11, 2, 10),
(23, 11, 3, 22),
(24, 12, 1, 2),
(25, 12, 2, 10),
(26, 12, 3, 22),
(27, 13, 1, 3),
(28, 13, 2, 10),
(29, 13, 3, 22),
(30, 14, 1, 1),
(31, 14, 2, 11),
(32, 14, 3, 22),
(33, 15, 1, 2),
(34, 15, 2, 11),
(35, 15, 3, 22),
(36, 16, 1, 3),
(37, 16, 2, 11),
(38, 16, 3, 22),
(39, 17, 1, 1),
(40, 17, 2, 12),
(41, 17, 3, 22),
(42, 18, 1, 2),
(43, 18, 2, 12),
(44, 18, 3, 22),
(45, 19, 1, 3),
(46, 19, 2, 12),
(47, 19, 3, 22),
(48, 20, 1, 1),
(49, 20, 2, 10),
(50, 20, 3, 23),
(51, 21, 1, 2),
(52, 21, 2, 10),
(53, 21, 3, 23),
(54, 22, 1, 3),
(55, 22, 2, 10),
(56, 22, 3, 23),
(57, 23, 1, 1),
(58, 23, 2, 11),
(59, 23, 3, 23),
(60, 24, 1, 2),
(61, 24, 2, 11),
(62, 24, 3, 23),
(63, 25, 1, 3),
(64, 25, 2, 11),
(65, 25, 3, 23),
(66, 26, 1, 1),
(67, 26, 2, 12),
(68, 26, 3, 23),
(69, 27, 1, 2),
(70, 27, 2, 12),
(71, 27, 3, 23),
(72, 28, 1, 3),
(73, 28, 2, 12),
(74, 28, 3, 23),
(75, 29, 1, 1),
(76, 29, 2, 10),
(77, 29, NULL, 1),
(78, 29, NULL, 10),
(79, 30, 1, 1),
(80, 30, 2, 11),
(81, 30, NULL, 1),
(82, 30, NULL, 11),
(83, 31, 1, 1),
(84, 31, 2, 12),
(85, 31, NULL, 1),
(86, 31, NULL, 12),
(87, 32, 3, 22),
(88, 33, 3, 23),
(89, 34, 3, 24),
(90, 35, 1, 1),
(91, 35, 2, 9),
(92, 36, 1, 2),
(93, 36, 2, 9),
(94, 37, 1, 3),
(95, 37, 2, 9),
(96, 38, 1, 1),
(97, 38, 2, 10),
(98, 39, 1, 2),
(99, 39, 2, 10),
(100, 40, 1, 3),
(101, 40, 2, 10),
(102, 41, 1, 1),
(103, 41, 2, 11),
(104, 42, 1, 2),
(105, 42, 2, 11),
(106, 43, 1, 3),
(107, 43, 2, 11),
(108, 44, 1, 5),
(109, 44, 2, 11),
(110, 45, 1, 6),
(111, 45, 2, 11),
(112, 46, 1, 7),
(113, 46, 2, 11),
(114, 47, 1, 5),
(115, 47, 2, 12),
(116, 48, 1, 6),
(117, 48, 2, 12),
(118, 49, 1, 7),
(119, 49, 2, 12),
(120, 50, 1, 5),
(121, 50, 2, 13),
(122, 51, 1, 6),
(123, 51, 2, 13),
(124, 52, 1, 7),
(125, 52, 2, 13),
(126, 53, 1, 5),
(127, 53, 2, 14),
(128, 54, 1, 6),
(129, 54, 2, 14),
(130, 55, 1, 7),
(131, 55, 2, 14),
(132, 56, 1, 5),
(133, 56, 2, 15),
(134, 57, 1, 6),
(135, 57, 2, 15),
(136, 58, 1, 7),
(137, 58, 2, 15),
(138, 59, 1, 5),
(139, 59, 2, 16),
(140, 60, 1, 6),
(141, 60, 2, 16),
(142, 61, 1, 7),
(143, 61, 2, 16),
(144, 63, 2, 9),
(145, 64, 2, 10),
(146, 65, 1, 1),
(147, 66, 1, 29),
(148, 67, 1, 4),
(149, 68, 1, 5),
(150, 69, 1, 6),
(151, 70, 1, 8),
(152, 71, 1, 29),
(153, 72, 1, 1),
(154, 73, 1, 29),
(155, 74, 1, 5),
(156, 75, 1, 6),
(157, 76, 1, 29),
(158, 77, 1, 1),
(159, 78, 1, 1),
(160, 79, 1, 5),
(161, 80, 1, 29),
(162, 81, 2, 11),
(163, 82, 2, 12),
(164, 83, 2, 13),
(165, 84, 2, 14),
(166, 85, 2, 15),
(167, 86, 2, 16),
(168, 87, 2, 17),
(169, 88, 2, 18),
(170, 89, 1, 30),
(171, 89, 2, 13),
(172, 90, 1, 31),
(173, 90, 2, 13),
(174, 91, 1, 30),
(175, 91, 2, 14),
(176, 92, 1, 31),
(177, 92, 2, 14),
(178, 93, 1, 30),
(179, 93, 2, 15),
(180, 94, 1, 31),
(181, 94, 2, 15),
(182, 95, 1, 30),
(183, 95, 2, 16),
(184, 96, 1, 31),
(185, 96, 2, 16),
(186, 97, 1, 30),
(187, 97, 2, 17),
(188, 98, 1, 31),
(189, 98, 2, 17),
(190, 99, 1, 30),
(191, 99, 2, 18),
(192, 100, 1, 31),
(193, 100, 2, 18),
(194, 101, 2, 11),
(195, 102, 2, 12),
(196, 103, 2, 13),
(197, 104, 2, 14),
(198, 105, 2, 15),
(199, 106, 2, 16),
(200, 107, 2, 17),
(201, 108, 2, 18),
(202, 109, 2, 19),
(203, 110, 2, 37),
(204, 111, 2, 11),
(205, 112, 2, 12),
(206, 113, 2, 13),
(207, 114, 2, 14),
(208, 115, 2, 15),
(209, 116, 2, 16),
(210, 117, 2, 17),
(211, 118, 1, 1),
(212, 118, 2, 11),
(213, 119, 1, 2),
(214, 119, 2, 11),
(215, 120, 1, 5),
(216, 120, 2, 11),
(217, 121, 1, 32),
(218, 121, 2, 11),
(219, 122, 1, 34),
(220, 122, 2, 11),
(221, 123, 1, 36),
(222, 123, 2, 11),
(223, 124, 1, 1),
(224, 124, 2, 12),
(225, 125, 1, 2),
(226, 125, 2, 12),
(227, 126, 1, 5),
(228, 126, 2, 12),
(229, 127, 1, 32),
(230, 127, 2, 12),
(231, 128, 1, 34),
(232, 128, 2, 12),
(233, 129, 1, 36),
(234, 129, 2, 12),
(235, 130, 1, 1),
(236, 130, 2, 13),
(237, 131, 1, 2),
(238, 131, 2, 13),
(239, 132, 1, 5),
(240, 132, 2, 13),
(241, 133, 1, 32),
(242, 133, 2, 13),
(243, 134, 1, 34),
(244, 134, 2, 13),
(245, 135, 1, 36),
(246, 135, 2, 13),
(247, 136, 1, 1),
(248, 136, 2, 14),
(249, 137, 1, 2),
(250, 137, 2, 14),
(251, 138, 1, 5),
(252, 138, 2, 14),
(253, 139, 1, 32),
(254, 139, 2, 14),
(255, 140, 1, 34),
(256, 140, 2, 14),
(257, 141, 1, 36),
(258, 141, 2, 14),
(259, 142, 1, 1),
(260, 142, 2, 15),
(261, 143, 1, 2),
(262, 143, 2, 15),
(263, 144, 1, 5),
(264, 144, 2, 15),
(265, 145, 1, 32),
(266, 145, 2, 15),
(267, 146, 1, 34),
(268, 146, 2, 15),
(269, 147, 1, 36),
(270, 147, 2, 15),
(271, 148, 1, 1),
(272, 148, 2, 16),
(273, 149, 1, 2),
(274, 149, 2, 16),
(275, 150, 1, 5),
(276, 150, 2, 16),
(277, 151, 1, 32),
(278, 151, 2, 16),
(279, 152, 1, 34),
(280, 152, 2, 16),
(281, 153, 1, 36),
(282, 153, 2, 16),
(283, 154, 1, 1),
(284, 154, 2, 11),
(285, 155, 1, 5),
(286, 155, 2, 11),
(287, 156, 1, 32),
(288, 156, 2, 11),
(289, 157, 1, 34),
(290, 157, 2, 11),
(291, 158, 1, 35),
(292, 158, 2, 11),
(293, 159, 1, 1),
(294, 159, 2, 12),
(295, 160, 1, 5),
(296, 160, 2, 12),
(297, 161, 1, 32),
(298, 161, 2, 12),
(299, 162, 1, 34),
(300, 162, 2, 12),
(301, 163, 1, 35),
(302, 163, 2, 12),
(303, 164, 1, 1),
(304, 164, 2, 13),
(305, 165, 1, 5),
(306, 165, 2, 13),
(307, 166, 1, 32),
(308, 166, 2, 13),
(309, 167, 1, 34),
(310, 167, 2, 13),
(311, 168, 1, 35),
(312, 168, 2, 13),
(313, 169, 1, 1),
(314, 169, 2, 14),
(315, 170, 1, 5),
(316, 170, 2, 14),
(317, 171, 1, 32),
(318, 171, 2, 14),
(319, 172, 1, 34),
(320, 172, 2, 14),
(321, 173, 1, 35),
(322, 173, 2, 14),
(323, 174, 1, 1),
(324, 174, 2, 15),
(325, 175, 1, 5),
(326, 175, 2, 15),
(327, 176, 1, 32),
(328, 176, 2, 15),
(329, 177, 1, 34),
(330, 177, 2, 15),
(331, 178, 1, 35),
(332, 178, 2, 15),
(333, 179, 2, 11),
(334, 180, 2, 12),
(335, 181, 2, 13),
(336, 182, 2, 14),
(337, 183, 1, 1),
(338, 183, 2, 11),
(339, 184, 1, 2),
(340, 184, 2, 11),
(341, 185, 1, 5),
(342, 185, 2, 11),
(343, 186, 1, 32),
(344, 186, 2, 11),
(345, 187, 1, 36),
(346, 187, 2, 11),
(347, 188, 1, 1),
(348, 188, 2, 12),
(349, 189, 1, 2),
(350, 189, 2, 12),
(351, 190, 1, 5),
(352, 190, 2, 12),
(353, 191, 1, 32),
(354, 191, 2, 12),
(355, 192, 1, 36),
(356, 192, 2, 12),
(357, 193, 1, 1),
(358, 193, 2, 13),
(359, 194, 1, 2),
(360, 194, 2, 13),
(361, 195, 1, 5),
(362, 195, 2, 13),
(363, 196, 1, 32),
(364, 196, 2, 13),
(365, 197, 1, 36),
(366, 197, 2, 13),
(367, 198, 1, 1),
(368, 198, 2, 14),
(369, 199, 1, 2),
(370, 199, 2, 14),
(371, 200, 1, 5),
(372, 200, 2, 14),
(373, 201, 1, 32),
(374, 201, 2, 14),
(375, 202, 1, 36),
(376, 202, 2, 14),
(377, 203, 1, 1),
(378, 203, 2, 15),
(379, 204, 1, 2),
(380, 204, 2, 15),
(381, 205, 1, 5),
(382, 205, 2, 15),
(383, 206, 1, 32),
(384, 206, 2, 15),
(385, 207, 1, 36),
(386, 207, 2, 15),
(387, 208, 1, 1),
(388, 208, 2, 16),
(389, 209, 1, 2),
(390, 209, 2, 16),
(391, 210, 1, 5),
(392, 210, 2, 16),
(393, 211, 1, 32),
(394, 211, 2, 16),
(395, 212, 1, 36),
(396, 212, 2, 16),
(397, 213, 1, 2),
(398, 213, 2, 11),
(399, 214, 1, 36),
(400, 214, 2, 11),
(401, 215, 1, 2),
(402, 215, 2, 12),
(403, 216, 1, 36),
(404, 216, 2, 12),
(405, 217, 1, 2),
(406, 217, 2, 13),
(407, 218, 1, 36),
(408, 218, 2, 13),
(409, 219, 1, 2),
(410, 219, 2, 14),
(411, 220, 1, 36),
(412, 220, 2, 14),
(413, 221, 1, 2),
(414, 221, 2, 15),
(415, 222, 1, 36),
(416, 222, 2, 15),
(417, 223, 1, 2),
(418, 223, 2, 16),
(419, 224, 1, 36),
(420, 224, 2, 16),
(421, 225, 1, 2),
(422, 225, 2, 17),
(423, 226, 1, 36),
(424, 226, 2, 17),
(425, 227, 1, 30),
(426, 227, 2, 13),
(427, 228, 1, 31),
(428, 228, 2, 13),
(429, 229, 1, 30),
(430, 229, 2, 14),
(431, 230, 1, 31),
(432, 230, 2, 14),
(433, 231, 1, 30),
(434, 231, 2, 17),
(435, 232, 1, 31),
(436, 232, 2, 17),
(437, 233, 1, 30),
(438, 233, 2, 18),
(439, 234, 1, 31),
(440, 234, 2, 18),
(441, 235, 1, 30),
(442, 235, 2, 15),
(443, 236, 1, 31),
(444, 236, 2, 15),
(445, 237, 1, 2),
(446, 237, 2, 11),
(447, 238, 1, 5),
(448, 238, 2, 11),
(449, 239, 1, 32),
(450, 239, 2, 11),
(451, 240, 1, 34),
(452, 240, 2, 11),
(453, 241, 1, 35),
(454, 241, 2, 11),
(455, 242, 1, 36),
(456, 242, 2, 11),
(457, 243, 1, 2),
(458, 243, 2, 12),
(459, 244, 1, 5),
(460, 244, 2, 12),
(461, 245, 1, 32),
(462, 245, 2, 12),
(463, 246, 1, 34),
(464, 246, 2, 12),
(465, 247, 1, 35),
(466, 247, 2, 12),
(467, 248, 1, 36),
(468, 248, 2, 12),
(469, 249, 1, 2),
(470, 249, 2, 13),
(471, 250, 1, 5),
(472, 250, 2, 13),
(473, 251, 1, 32),
(474, 251, 2, 13),
(475, 252, 1, 34),
(476, 252, 2, 13),
(477, 253, 1, 35),
(478, 253, 2, 13),
(479, 254, 1, 36),
(480, 254, 2, 13),
(481, 255, 1, 2),
(482, 255, 2, 14),
(483, 256, 1, 5),
(484, 256, 2, 14),
(485, 257, 1, 32),
(486, 257, 2, 14),
(487, 258, 1, 34),
(488, 258, 2, 14),
(489, 259, 1, 35),
(490, 259, 2, 14),
(491, 260, 1, 36),
(492, 260, 2, 14),
(493, 261, 1, 2),
(494, 261, 2, 15),
(495, 262, 1, 5),
(496, 262, 2, 15),
(497, 263, 1, 32),
(498, 263, 2, 15),
(499, 264, 1, 34),
(500, 264, 2, 15),
(501, 265, 1, 35),
(502, 265, 2, 15),
(503, 266, 1, 36),
(504, 266, 2, 15),
(505, 267, 1, 2),
(506, 267, 2, 16),
(507, 268, 1, 5),
(508, 268, 2, 16),
(509, 269, 1, 32),
(510, 269, 2, 16),
(511, 270, 1, 34),
(512, 270, 2, 16),
(513, 271, 1, 35),
(514, 271, 2, 16),
(515, 272, 1, 36),
(516, 272, 2, 16),
(517, 273, 1, 2),
(518, 273, 2, 17),
(519, 274, 1, 5),
(520, 274, 2, 17),
(521, 275, 1, 32),
(522, 275, 2, 17),
(523, 276, 1, 34),
(524, 276, 2, 17),
(525, 277, 1, 35),
(526, 277, 2, 17),
(527, 278, 1, 36),
(528, 278, 2, 17),
(529, 279, 1, 2),
(530, 279, 2, 18),
(531, 280, 1, 5),
(532, 280, 2, 18),
(533, 281, 1, 32),
(534, 281, 2, 18),
(535, 282, 1, 34),
(536, 282, 2, 18),
(537, 283, 1, 35),
(538, 283, 2, 18),
(539, 284, 1, 36),
(540, 284, 2, 18),
(541, 285, 1, 2),
(542, 285, 2, 11),
(543, 286, 1, 5),
(544, 286, 2, 11),
(545, 287, 1, 32),
(546, 287, 2, 11),
(547, 288, 1, 34),
(548, 288, 2, 11),
(549, 289, 1, 35),
(550, 289, 2, 11),
(551, 290, 1, 36),
(552, 290, 2, 11),
(553, 291, 1, 2),
(554, 291, 2, 12),
(555, 292, 1, 5),
(556, 292, 2, 12),
(557, 293, 1, 32),
(558, 293, 2, 12),
(559, 294, 1, 34),
(560, 294, 2, 12),
(561, 295, 1, 35),
(562, 295, 2, 12),
(563, 296, 1, 36),
(564, 296, 2, 12),
(565, 297, 1, 2),
(566, 297, 2, 13),
(567, 298, 1, 5),
(568, 298, 2, 13),
(569, 299, 1, 32),
(570, 299, 2, 13),
(571, 300, 1, 34),
(572, 300, 2, 13),
(573, 301, 1, 35),
(574, 301, 2, 13),
(575, 302, 1, 36),
(576, 302, 2, 13),
(577, 303, 1, 2),
(578, 303, 2, 14),
(579, 304, 1, 5),
(580, 304, 2, 14),
(581, 305, 1, 32),
(582, 305, 2, 14),
(583, 306, 1, 34),
(584, 306, 2, 14),
(585, 307, 1, 35),
(586, 307, 2, 14),
(587, 308, 1, 36),
(588, 308, 2, 14),
(589, 309, 1, 2),
(590, 309, 2, 15),
(591, 310, 1, 5),
(592, 310, 2, 15),
(593, 311, 1, 32),
(594, 311, 2, 15),
(595, 312, 1, 34),
(596, 312, 2, 15),
(597, 313, 1, 35),
(598, 313, 2, 15),
(599, 314, 1, 36),
(600, 314, 2, 15),
(601, 315, 1, 2),
(602, 315, 2, 16),
(603, 316, 1, 5),
(604, 316, 2, 16),
(605, 317, 1, 32),
(606, 317, 2, 16),
(607, 318, 1, 34),
(608, 318, 2, 16),
(609, 319, 1, 35),
(610, 319, 2, 16),
(611, 320, 1, 36),
(612, 320, 2, 16),
(613, 321, 1, 2),
(614, 321, 2, 17),
(615, 322, 1, 5),
(616, 322, 2, 17),
(617, 323, 1, 32),
(618, 323, 2, 17),
(619, 324, 1, 34),
(620, 324, 2, 17),
(621, 325, 1, 35),
(622, 325, 2, 17),
(623, 326, 1, 36),
(624, 326, 2, 17),
(625, 327, 1, 2),
(626, 327, 2, 18),
(627, 328, 1, 5),
(628, 328, 2, 18),
(629, 329, 1, 32),
(630, 329, 2, 18),
(631, 330, 1, 34),
(632, 330, 2, 18),
(633, 331, 1, 35),
(634, 331, 2, 18),
(635, 332, 1, 36),
(636, 332, 2, 18),
(637, 333, 1, 2),
(638, 333, 2, 11),
(639, 334, 1, 5),
(640, 334, 2, 11),
(641, 335, 1, 32),
(642, 335, 2, 11),
(643, 336, 1, 34),
(644, 336, 2, 11),
(645, 337, 1, 35),
(646, 337, 2, 11),
(647, 338, 1, 36),
(648, 338, 2, 11),
(649, 339, 1, 2),
(650, 339, 2, 12),
(651, 340, 1, 5),
(652, 340, 2, 12),
(653, 341, 1, 32),
(654, 341, 2, 12),
(655, 342, 1, 34),
(656, 342, 2, 12),
(657, 343, 1, 35),
(658, 343, 2, 12),
(659, 344, 1, 36),
(660, 344, 2, 12),
(661, 345, 1, 2),
(662, 345, 2, 13),
(663, 346, 1, 5),
(664, 346, 2, 13),
(665, 347, 1, 32),
(666, 347, 2, 13),
(667, 348, 1, 34),
(668, 348, 2, 13),
(669, 349, 1, 35),
(670, 349, 2, 13),
(671, 350, 1, 36),
(672, 350, 2, 13),
(673, 351, 1, 2),
(674, 351, 2, 14),
(675, 352, 1, 5),
(676, 352, 2, 14),
(677, 353, 1, 32),
(678, 353, 2, 14),
(679, 354, 1, 34),
(680, 354, 2, 14),
(681, 355, 1, 35),
(682, 355, 2, 14),
(683, 356, 1, 36),
(684, 356, 2, 14),
(685, 357, 1, 2),
(686, 357, 2, 15),
(687, 358, 1, 5),
(688, 358, 2, 15),
(689, 359, 1, 32),
(690, 359, 2, 15),
(691, 360, 1, 34),
(692, 360, 2, 15),
(693, 361, 1, 35),
(694, 361, 2, 15),
(695, 362, 1, 36),
(696, 362, 2, 15),
(697, 363, 1, 2),
(698, 363, 2, 16),
(699, 364, 1, 5),
(700, 364, 2, 16),
(701, 365, 1, 32),
(702, 365, 2, 16),
(703, 366, 1, 34),
(704, 366, 2, 16),
(705, 367, 1, 35),
(706, 367, 2, 16),
(707, 368, 1, 36),
(708, 368, 2, 16),
(709, 369, 1, 2),
(710, 369, 2, 17),
(711, 370, 1, 5),
(712, 370, 2, 17),
(713, 371, 1, 32),
(714, 371, 2, 17),
(715, 372, 1, 34),
(716, 372, 2, 17),
(717, 373, 1, 35),
(718, 373, 2, 17),
(719, 374, 1, 36),
(720, 374, 2, 17),
(721, 375, 1, 2),
(722, 375, 2, 18),
(723, 376, 1, 5),
(724, 376, 2, 18),
(725, 377, 1, 32),
(726, 377, 2, 18),
(727, 378, 1, 34),
(728, 378, 2, 18),
(729, 379, 1, 35),
(730, 379, 2, 18),
(731, 380, 1, 36),
(732, 380, 2, 18),
(733, 381, 1, 5),
(734, 381, 2, 11),
(735, 382, 1, 32),
(736, 382, 2, 11),
(737, 383, 1, 35),
(738, 383, 2, 11),
(739, 384, 1, 36),
(740, 384, 2, 11),
(741, 385, 1, 39),
(742, 385, 2, 11),
(743, 386, 1, 41),
(744, 386, 2, 11),
(745, 387, 1, 5),
(746, 387, 2, 12),
(747, 388, 1, 32),
(748, 388, 2, 12),
(749, 389, 1, 35),
(750, 389, 2, 12),
(751, 390, 1, 36),
(752, 390, 2, 12),
(753, 391, 1, 39),
(754, 391, 2, 12),
(755, 392, 1, 41),
(756, 392, 2, 12),
(757, 393, 1, 5),
(758, 393, 2, 13),
(759, 394, 1, 32),
(760, 394, 2, 13),
(761, 395, 1, 35),
(762, 395, 2, 13),
(763, 396, 1, 36),
(764, 396, 2, 13),
(765, 397, 1, 39),
(766, 397, 2, 13),
(767, 398, 1, 41),
(768, 398, 2, 13),
(769, 399, 1, 5),
(770, 399, 2, 14),
(771, 400, 1, 32),
(772, 400, 2, 14),
(773, 401, 1, 35),
(774, 401, 2, 14),
(775, 402, 1, 36),
(776, 402, 2, 14),
(777, 403, 1, 39),
(778, 403, 2, 14),
(779, 404, 1, 41),
(780, 404, 2, 14),
(781, 405, 1, 5),
(782, 405, 2, 15),
(783, 406, 1, 32),
(784, 406, 2, 15),
(785, 407, 1, 35),
(786, 407, 2, 15),
(787, 408, 1, 36),
(788, 408, 2, 15),
(789, 409, 1, 39),
(790, 409, 2, 15),
(791, 410, 1, 41),
(792, 410, 2, 15),
(793, 411, 1, 5),
(794, 411, 2, 16),
(795, 412, 1, 32),
(796, 412, 2, 16),
(797, 413, 1, 35),
(798, 413, 2, 16),
(799, 414, 1, 36),
(800, 414, 2, 16),
(801, 415, 1, 39),
(802, 415, 2, 16),
(803, 416, 1, 41),
(804, 416, 2, 16);

-- --------------------------------------------------------

--
-- Table structure for table `towns`
--

CREATE TABLE `towns` (
  `id` int(11) NOT NULL,
  `city_id` int(11) NOT NULL,
  `name` varchar(100) NOT NULL,
  `center` tinyint(1) NOT NULL DEFAULT 0
) ENGINE=InnoDB DEFAULT CHARSET=utf8mb4;

--
-- Dumping data for table `towns`
--

INSERT INTO `towns` (`id`, `city_id`, `name`, `center`) VALUES
(3, 8, 'الفلوجة', 0),
(11, 8, 'الكرمة', 0),
(12, 17, 'الحلة', 0),
(13, 17, 'المحاويل', 0),
(14, 17, 'الهاشمية', 0),
(15, 17, 'المسيب', 0),
(16, 17, 'الحمزة الغربي (المدحتية)', 0),
(17, 17, 'القاسم', 0),
(18, 17, 'كوثى  (ناحية المشروع)', 0),
(19, 1, 'الشعب شارع الصحة ', 0),
(20, 1, 'الأعظمية', 0),
(21, 1, 'الشعب', 0),
(24, 1, ' المدائن  ', 0),
(25, 1, ' الحسينية ', 0),
(26, 1, ' المعامل  ', 0),
(27, 1, 'حي الخظراء', 0),
(28, 1, ' الكاظمية  ', 0),
(29, 1, ' المحمودية  ', 0),
(31, 1, ' الطارمية    ', 0),
(34, 4, 'اربيل', 0),
(36, 14, 'تكريت', 1),
(37, 3, 'الموصل', 1),
(38, 4, 'عين كاوة', 1),
(39, 5, 'نجف', 1),
(40, 6, 'الناصرية', 1),
(41, 7, 'كركوك', 1),
(42, 9, 'ديالى', 1),
(43, 10, 'السماوة', 1),
(44, 11, 'الديوانية', 1),
(45, 12, 'العمارة', 1),
(46, 13, 'الكوت', 1),
(48, 15, 'دهوك', 1),
(49, 16, 'سليمانية', 1),
(50, 18, 'كربلاء', 1),
(52, 2, 'كرمة', 0),
(53, 2, 'الزبير', 0),
(54, 2, 'ابو الخصيب', 0),
(55, 2, 'سفوان', 0),
(56, 2, 'الطويسة', 0),
(57, 2, 'المدينة', 0),
(58, 2, 'القبلة', 0),
(59, 2, 'الكزيزة', 0),
(60, 2, 'القرنة', 0),
(61, 2, 'تنومة', 0),
(62, 2, 'الاصمعي', 0),
(63, 14, 'بلد', 0),
(64, 14, 'سامراء', 0),
(65, 14, 'سامراء', 0),
(66, 14, 'الضلوعيه', 0),
(67, 14, 'سامراء', 0),
(68, 14, 'سامراء', 0),
(69, 8, 'الانبار', 0),
(70, 8, 'الفلوجه', 0),
(71, 8, 'الفلوجه', 0),
(72, 14, 'صلاح الدين', 0),
(73, 14, 'مشاهده', 0),
(74, 14, 'مشاهده', 0),
(75, 2, 'الاحياء', 0),
(76, 2, 'دور النفط', 0),
(77, 2, 'حي الجمهورية ', 0),
(78, 2, 'التحسينية', 0),
(79, 2, 'خمسة ميل', 0),
(80, 2, 'البريهة', 0),
(81, 2, 'الحكيمية', 0),
(82, 2, 'الطويسة', 0),
(83, 2, 'الاصمعي', 0),
(84, 2, 'الطليعة', 0),
(85, 2, 'حي الخليج', 0),
(86, 2, 'الكفائات', 0),
(87, 2, 'العشار', 0),
(88, 1, 'الشعلة', 0),
(89, 1, 'الحرية', 0),
(90, 1, 'الكاظمية', 0),
(91, 1, 'التاجي', 0),
(94, 1, 'الغزالية', 0),
(95, 1, 'العامرية', 0),
(96, 1, 'مطار المثنى', 0),
(97, 1, 'ابو غريب', 0),
(98, 1, 'البكرية', 0),
(99, 1, 'حي الحسين', 0),
(100, 1, 'حي العامل', 0),
(101, 1, 'مجمع الاياد', 0),
(102, 1, 'حي الجهاد', 0),
(103, 1, 'البياع', 0),
(104, 1, 'شهداء البياع', 0),
(105, 1, 'شرطة الخامسة', 0),
(106, 1, 'شرطة الرابعة', 0),
(107, 1, 'الرسالة', 0),
(108, 1, 'السيدية', 0),
(109, 1, 'كفائات السيدية', 0),
(110, 1, 'الدورة', 0),
(111, 1, 'المهدية ', 0),
(112, 1, 'المهدية الثانية ', 0),
(113, 1, 'الدوره شارع الصحة', 0),
(114, 1, 'الدوره شارع ستين', 0),
(115, 1, 'الدوره ابو طيارة', 0),
(116, 1, 'الدوره طعمة', 0),
(117, 1, 'علوة الرشيد', 0),
(118, 1, 'محمودية ', 0),
(119, 1, 'يوسفية', 0),
(120, 1, 'عويريج', 0),
(121, 1, 'مصفى الدوره', 0),
(122, 1, 'اليرموك', 0),
(123, 1, 'القادسية', 0),
(124, 1, 'اربع شوارع', 0),
(125, 1, 'المنصور', 0),
(126, 1, 'الوشاش', 0),
(127, 1, 'علي الصالح', 0),
(128, 1, 'الاسكان', 0),
(129, 1, 'حي الجامعة', 0),
(130, 1, 'حي العدل', 0),
(131, 1, 'ساحة عدن', 0),
(132, 1, 'العطيفية', 0),
(133, 1, 'رحمانية الجعيفر ', 0),
(134, 1, 'الجعيفر', 0),
(135, 1, 'شيخ معروف', 0),
(136, 1, 'العلاوي', 0),
(137, 1, 'الصالحية', 0),
(138, 1, 'شقق الصالحية', 0),
(139, 1, 'كرادة مريم', 0),
(140, 1, 'الزوراء', 0),
(141, 1, 'مطار المثنى', 0),
(142, 1, 'مطار بغداد', 0),
(143, 1, 'مستشفى الهلال الاحمر', 0),
(144, 1, 'مدينة الطب', 0),
(145, 1, 'الحارثية', 0),
(146, 1, 'شارع الكندي', 0),
(147, 1, 'معرض بغداد', 0),
(148, 1, 'الرواد', 0),
(149, 1, 'الطوبجي', 0),
(150, 1, 'حي السلام', 0),
(151, 1, 'الاعظمية', 0),
(152, 1, 'مستشفى النعمان', 0),
(153, 1, 'شارع سهام', 0),
(154, 1, 'باب المعظم', 0),
(155, 1, 'شارع المغرب', 0),
(156, 1, 'الكسره', 0),
(157, 1, 'الشورجة', 0),
(158, 1, 'الرصافي', 0),
(159, 1, 'باب الشرجي', 0),
(160, 1, 'الكرادة', 0),
(161, 1, 'مجمع مشن', 0),
(162, 1, 'الجادرية', 0),
(163, 1, 'الزعفرانية ', 0),
(164, 1, 'جسر ديالة', 0),
(165, 1, 'نهروان', 0),
(166, 1, 'بسماية', 0),
(167, 1, 'الامين', 0),
(168, 1, 'الامين الثانية', 0),
(169, 1, 'بغداد الجديدة', 0),
(170, 1, 'المشتل', 0),
(171, 1, 'كم ساره', 0),
(172, 1, 'زيونة', 0),
(173, 1, 'شارع الربيعي', 0),
(174, 1, 'ساحة ميسلون', 0),
(175, 1, 'الغدير ', 0),
(176, 1, 'البلديات', 0),
(177, 1, 'العبيدي', 0),
(178, 1, 'شهداء العبيدي', 0),
(179, 1, 'الثعالبة', 0),
(180, 1, 'شارع فلسطين', 0),
(181, 1, 'النهضة', 0),
(182, 1, 'مدينة الصدر', 0),
(183, 1, 'الحبيبية', 0),
(184, 1, 'ام الكبر', 0),
(185, 1, 'الاورفلي', 0),
(186, 1, 'جميلة', 0),
(187, 1, 'حبيبية', 0),
(188, 1, 'طالبية', 0),
(189, 1, 'البنوك', 0),
(190, 1, 'حي البنوك', 0),
(191, 1, 'شعب', 0),
(192, 1, 'حي اور', 0),
(193, 1, 'الحسينية', 0),
(194, 1, 'الراشدية', 0),
(195, 1, 'السريدات', 0),
(196, 1, 'حي النصر', 0),
(197, 1, 'القاهره', 0),
(198, 1, 'حي البساتين', 0),
(199, 1, 'المستنصرية', 0),
(200, 1, 'الوزيرية', 0),
(201, 1, 'الكفاح', 0),
(202, 1, 'شارع حيفا', 0),
(203, 1, 'الفضل', 0),
(204, 1, 'الكريعات', 0),
(205, 1, 'حي تونس', 0),
(206, 1, 'القناة', 0),
(207, 1, 'جسر المثنى', 0),
(208, 1, 'الجزيره السياحية', 0),
(209, 1, 'المشاهدة', 0),
(210, 1, 'الطارمية', 0),
(211, 1, 'ام عظام', 0),
(212, 1, 'ام الجدايل', 0),
(213, 1, 'القرية الذهبية', 0),
(214, 1, 'صليخ', 0),
(215, 1, 'صيطره الشعب', 0),
(216, 1, 'شيخ عمر', 0),
(217, 1, 'شقق صدام', 0),
(218, 1, 'حي التراث', 0),
(219, 1, 'الشالجية', 0),
(220, 1, 'الرحمانيه', 0),
(221, 2, 'مركز', 0),
(222, 16, 'كلار', 0),
(223, 3, 'حي الزهور', 0),
(224, 3, 'تلعفر ', 0),
(225, 3, 'حي الوحدة', 0),
(226, 3, 'شارع كركوك', 0),
(227, 3, 'تكليف', 0),
(228, 3, 'مخمور', 0),
(229, 3, 'مخيم حسن', 0),
(230, 3, '17 تموز', 0),
(231, 3, 'حي المعارف', 0),
(232, 3, 'الكيارة', 0),
(233, 3, 'نبي شيت', 0),
(234, 3, 'الساحل الايسر', 0),
(235, 2, 'جمعيات', 0),
(236, 3, 'قرية اسكي', 0),
(237, 3, 'حي المنصور', 0),
(238, 3, 'حي الفلاح', 0),
(239, 3, 'حي النور ', 0),
(240, 3, 'حي البعث', 0),
(241, 3, 'حي الحدباء', 0),
(242, 3, 'ربيعة', 0),
(243, 2, 'الهارثه', 0),
(244, 3, 'حي سومر', 0),
(245, 9, 'المقدادية', 0),
(246, 2, 'الساعي', 0),
(247, 9, 'مستشفلى خانقين', 0),
(248, 9, 'مستشفلى بالدروز', 0),
(249, 9, 'مستشفلى بعقوبة', 0),
(250, 9, 'مستشفلى الخالص', 0),
(251, 9, 'مستشفلى حان بني سعد', 0),
(252, 9, 'مستشفلى خان بني سعد', 0),
(253, 9, 'بهرز', 0),
(254, 9, 'دلي عباس', 0),
(255, 9, 'شهربان', 0),
(256, 9, 'مندلي', 0),
(257, 9, 'بني سعد', 0),
(258, 9, 'تحرير', 0),
(259, 2, 'مستشفى الجمهوريه ', 0),
(260, 9, 'بعقوبة', 0),
(261, 2, 'جبيله', 0),
(262, 2, 'الجنينه', 0),
(263, 2, 'دور المطار', 0),
(264, 2, 'الجزائر', 0),
(265, 2, 'المعقل', 0),
(266, 2, 'الداخل', 0),
(267, 2, 'ام قصر', 0),
(268, 2, 'شقق الموقفيه', 0),
(269, 2, 'المشراق', 0),
(270, 18, 'ميثم التمار', 0),
(271, 1, 'الاعلام', 0),
(272, 8, 'الحبانيه', 0),
(273, 13, 'صويره', 0),
(274, 8, 'هيت', 0),
(275, 8, 'البغداديه الدولاب', 0),
(276, 13, 'النعمانيه', 0),
(277, 13, 'الحفريه', 0),
(278, 13, 'عزيزيه', 0),
(279, 5, 'كوفه', 0),
(280, 5, 'حي العسكري', 0),
(281, 5, 'قرب الغدير', 0),
(282, 5, 'حي الانصار', 0),
(283, 5, 'حي انيلاد', 0),
(284, 5, 'قرب شارع كربلاء', 0),
(285, 5, 'حي المهندسين', 0),
(286, 5, 'عباسيه', 0),
(287, 7, 'حي الواسطي', 0),
(288, 5, 'شارع المطار', 0),
(289, 5, 'حيدريه', 0),
(290, 5, 'منطقه الجديده', 0),
(291, 5, 'دورهنديه', 0),
(292, 5, 'حي السواق', 0),
(293, 5, 'ابو صخرين', 0),
(294, 5, 'حي سلام', 0),
(295, 1, 'سبع ابكار', 0),
(296, 1, 'اليوسفيه', 0),
(297, 1, 'سبع البور', 0),
(298, 1, 'الكماليه', 0),
(299, 1, 'مشفى الكرخ', 0),
(300, 1, 'الدهاليك ', 0),
(301, 1, 'كراده خارج', 0),
(302, 1, 'كراده داخل', 0),
(303, 1, 'الكرخ', 0),
(304, 1, 'مجمع الاطباء', 0),
(305, 1, 'بوب الشام', 0),
(306, 1, 'شارع النضال', 0),
(307, 1, 'القوس', 0),
(308, 1, 'سيطرة الرشيد', 0),
(309, 1, 'مستشفى الطفل', 0),
(310, 1, 'سلمان باك', 0),
(311, 1, 'حي الاطباء', 0),
(312, 1, 'الشرطه الرابعه', 0),
(313, 1, 'شارع المشجر', 0),
(314, 9, 'خانقين', 0),
(315, 17, 'شارع الدولي', 0),
(316, 17, 'بابل', 0),
(317, 17, 'الكفل', 0),
(318, 17, 'حي بكري', 0),
(319, 7, 'طوز خرماتو', 0),
(320, 2, 'خور الزبير', 0),
(321, 2, 'البراضعيه', 0),
(322, 2, 'شارع السايلو', 0),
(323, 2, 'دور الظباط', 0),
(324, 2, 'لحبانيه', 0),
(325, 2, 'حي الاصدقاء', 0),
(326, 2, 'الدير', 0),
(327, 2, 'التشوه', 0),
(328, 2, 'حي لحسين', 0),
(329, 2, 'مناوي', 0),
(330, 2, 'التنومه', 0),
(331, 8, 'امركز', 0),
(332, 8, 'حي الشرطه', 0),
(333, 6, 'الشطره', 0),
(334, 6, 'ثوره', 0),
(335, 6, 'الفهود', 0),
(336, 6, 'شارع ابراهيم الخليل', 0),
(337, 6, 'اريدو', 0),
(338, 6, 'الغراف', 0),
(339, 6, 'الاسكان الصناعي', 0),
(340, 6, 'سوق الشيوخ', 0),
(341, 6, 'قضاء الوفود', 0),
(342, 6, 'حي البقاع', 0),
(343, 6, 'شطره', 0),
(344, 6, 'الرفاعي', 0),
(345, 6, 'حمام العليل', 0),
(346, 6, 'الجبايش', 0),
(347, 6, 'الفجر', 0),
(348, 6, 'قلعه سكر', 0),
(349, 6, 'النصر', 0),
(350, 6, 'شارع النصر', 0),
(351, 17, 'ابو غرق', 0),
(352, 17, 'حي حسين', 0),
(353, 17, 'شارع الكرامه', 0),
(354, 17, 'حله', 0),
(355, 17, 'الاسكندريه', 1),
(356, 17, 'سيطرة الاثار', 0),
(357, 17, 'ام الهوى', 0),
(358, 17, 'جفل', 0),
(359, 17, 'النيل', 0),
(360, 17, 'الشوملي', 0),
(361, 17, 'المركز', 1),
(362, 17, 'حي نادر', 0),
(363, 17, 'سياحي', 0),
(364, 17, 'الخضر', 0),
(365, 17, 'طهمازيه', 0),
(366, 17, 'حي الجزائر', 0),
(367, 17, 'باب مشهد', 0),
(368, 17, 'حي الامام علي', 0),
(369, 17, 'جامعه بابل', 0),
(370, 17, 'حي الكرامه', 0),
(371, 9, 'الخالص', 0),
(372, 9, 'حي المعلمين', 0),
(373, 9, 'المقداديه', 0),
(374, 9, 'الفلاحه', 0),
(375, 9, 'بغقوبه', 0),
(376, 9, 'جلولاء', 0),
(377, 9, 'دوله عباس', 0),
(378, 9, 'هربانش', 0),
(379, 9, 'قريه نبه', 0),
(380, 9, 'بلدروز', 0),
(381, 9, 'سرجق', 0),
(382, 9, 'التحرير', 0),
(383, 9, 'المنصوريه', 0),
(384, 7, 'حي عدن', 0),
(385, 2, 'بصره', 0),
(386, 10, 'ميسان', 0),
(387, 10, 'عماره', 0),
(388, 10, 'حي الرحمه', 0),
(389, 10, 'حي جمعيات', 0),
(390, 10, 'كميت', 0),
(391, 10, 'العزيزيه', 0),
(392, 10, 'قلعه صالح', 0),
(393, 10, 'ابو رمانه', 0),
(394, 10, 'جسر بوعيه', 0),
(395, 10, 'رميثه', 0),
(396, 10, 'جامعه المثنى', 0),
(397, 10, 'المجر الكبير', 0),
(398, 10, 'الماجديه', 0),
(399, 10, 'ميمونه', 0),
(400, 10, 'مشفى شهيد الصدر', 0),
(401, 10, 'المدى', 0),
(402, 12, 'حي الجمعيات', 0),
(403, 12, 'اعماره', 0),
(404, 12, 'االرحمه', 0),
(405, 12, 'قلعة صالح', 0),
(406, 12, 'كحلاء', 0),
(407, 12, 'حي لمعلمين', 0),
(408, 12, 'ابو ارمانه', 0),
(409, 12, 'المجر لكبير', 0),
(410, 12, 'ماجديه', 0),
(411, 18, 'حي الايمان', 0),
(412, 18, 'شارع ميثم', 0),
(413, 18, 'حي لسلام', 0),
(414, 18, 'حي الظباط', 0),
(415, 18, 'كنطرة السلام', 0),
(416, 18, 'حي الغدير', 0),
(417, 18, 'حي التعاون', 0),
(418, 18, 'حي الرساله', 0),
(419, 18, 'طريق بغداد', 0),
(420, 18, 'شارع الادريس', 0),
(421, 18, 'عين تمر', 0),
(422, 18, 'ناحيه الحر', 0),
(423, 18, 'مشتفى الحسين', 0),
(424, 18, 'حي االسلام', 0),
(425, 11, 'دور سيد محمد', 0),
(426, 11, 'ام النخيل', 0),
(427, 11, 'االاسكان', 0),
(428, 11, 'حي الزعيم', 0),
(429, 11, 'الحمزه الشرقي', 0),
(430, 11, 'مشقى الحسين', 0),
(431, 11, 'خماس', 0),
(432, 11, 'عفك', 0),
(433, 11, 'الحمزه', 0),
(434, 11, 'شاميه', 0),
(435, 11, 'دغاره', 0),
(436, 11, 'البدير', 0),
(437, 11, 'قضاء الشافعيه', 0),
(438, 11, 'ناحيه نفر ', 0),
(439, 11, 'سيطره النسيج', 0),
(440, 3, 'حي البكر', 0),
(441, 3, 'حمدانيه', 0),
(442, 3, 'حي 17 تموز', 0),
(443, 3, 'حي الانصاري', 0),
(444, 3, 'جانب الايمن', 0),
(445, 3, 'جامب الايسر', 0),
(446, 3, 'جانب الايسر', 0),
(447, 3, 'برطله', 0),
(448, 3, 'موصل', 0),
(449, 3, 'حي االكرامه', 0),
(450, 4, 'عين كاوه', 0),
(451, 4, 'مطار اربيل', 0),
(452, 4, 'كزمزال ميدان الرمي', 0),
(453, 4, 'شقق تيو اسكان', 0),
(454, 7, 'تبه', 0),
(455, 7, 'عرقه', 0),
(456, 7, 'حي الايسر', 0),
(457, 7, 'ساحه الامتنالات', 0),
(458, 7, 'مركز العروبه', 0),
(459, 7, 'حويجه', 0),
(460, 7, 'حي الاسره', 0),
(461, 7, 'كيوان', 0),
(462, 7, 'اتبه', 0),
(463, 12, 'دور االنفط', 0),
(464, 12, 'قضاء الكحلاء', 0),
(465, 12, 'حي االجهاد', 0),
(466, 12, 'عواشه', 0),
(467, 5, 'المناذره', 0),
(468, 5, 'حي القدس', 0),
(469, 5, 'قريه الغدير', 0),
(470, 5, 'اكوفه', 0),
(471, 5, 'حي الانصر', 0),
(472, 5, 'حي الانصا', 0),
(473, 5, 'الفحل', 0),
(474, 5, 'حي الغربي', 0),
(475, 13, 'الصويره', 0),
(476, 13, 'انوار الصدر', 0),
(477, 13, 'دجيلي', 0),
(478, 13, 'شارع الزهراء', 0),
(479, 13, 'قضاء الحي', 0),
(480, 13, 'حي الزهراء', 0),
(481, 13, 'ناحيه جصان', 0),
(482, 13, 'الحي', 0),
(483, 13, 'الكفاءات', 0),
(484, 10, 'حي الصدر', 0),
(485, 10, 'السوير', 0),
(486, 10, 'الغربي الثاني ', 0),
(487, 10, 'اقضاء الخضر', 0),
(488, 10, 'قشله', 0),
(489, 10, 'الرميثه', 0),
(490, 10, 'ام العصافير', 0),
(491, 14, 'ناحيه العلم', 0),
(492, 14, 'الدجيل', 0),
(493, 14, 'ناحية زور الجيش', 0),
(494, 7, 'طريق لبغداد', 0),
(495, 2, 'المعارض', 0),
(496, 2, 'شط العرب', 0),
(497, 2, 'الامن الداخلي', 0),
(498, 2, 'حي مهندسين', 0),
(499, 3, 'حي زهراء', 0),
(500, 3, 'حي المدائن', 0),
(501, 10, 'حي لعسكري', 0),
(502, 1, 'ابو تشير', 0),
(503, 1, 'ابو دشير', 0),
(504, 1, 'حي البتول', 0),
(505, 1, 'الصابئات', 0),
(506, 1, 'الرشيد', 0),
(507, 1, 'السعدون', 0),
(508, 12, 'العدير', 0),
(509, 12, 'لغدير', 0),
(510, 6, 'حي ااور', 0);

-- --------------------------------------------------------

--
-- Table structure for table `tracking`
--

CREATE TABLE `tracking` (
  `id` int(11) NOT NULL,
  `order_id` int(11) NOT NULL,
  `current_location` varchar(200) DEFAULT NULL,
  `new_address` varchar(250) DEFAULT NULL,
  `date` datetime NOT NULL DEFAULT current_timestamp(),
  `order_status_id` int(11) NOT NULL,
  `note` varchar(250) DEFAULT NULL,
  `items_no` int(11) NOT NULL DEFAULT 1,
  `staff_id` int(11) DEFAULT 0
) ENGINE=InnoDB DEFAULT CHARSET=utf8mb4;

--
-- Dumping data for table `tracking`
--

INSERT INTO `tracking` (`id`, `order_id`, `current_location`, `new_address`, `date`, `order_status_id`, `note`, `items_no`, `staff_id`) VALUES
(62164, 31, NULL, NULL, '2020-07-10 22:58:46', 6, NULL, 1, 1),
(62165, 31, NULL, NULL, '2020-07-10 23:02:24', 4, NULL, 1, 1),
(62166, 33, NULL, NULL, '2020-07-11 17:43:00', 5, NULL, 1, 1),
(62167, 33, NULL, NULL, '2020-07-11 17:46:47', 5, NULL, 1, 1);

--
-- Indexes for dumped tables
--

--
-- Indexes for table `attribute`
--
ALTER TABLE `attribute`
  ADD PRIMARY KEY (`id`);

--
-- Indexes for table `attribute_config`
--
ALTER TABLE `attribute_config`
  ADD PRIMARY KEY (`id`);

--
-- Indexes for table `basket`
--
ALTER TABLE `basket`
  ADD PRIMARY KEY (`id`);

--
-- Indexes for table `basket_items`
--
ALTER TABLE `basket_items`
  ADD PRIMARY KEY (`id`);

--
-- Indexes for table `category`
--
ALTER TABLE `category`
  ADD PRIMARY KEY (`id`);

--
-- Indexes for table `cites`
--
ALTER TABLE `cites`
  ADD PRIMARY KEY (`id`);

--
-- Indexes for table `clients`
--
ALTER TABLE `clients`
  ADD PRIMARY KEY (`id`);

--
-- Indexes for table `client_dev_price`
--
ALTER TABLE `client_dev_price`
  ADD PRIMARY KEY (`id`);

--
-- Indexes for table `companies`
--
ALTER TABLE `companies`
  ADD PRIMARY KEY (`id`);

--
-- Indexes for table `configurable_product`
--
ALTER TABLE `configurable_product`
  ADD PRIMARY KEY (`id`);

--
-- Indexes for table `images`
--
ALTER TABLE `images`
  ADD PRIMARY KEY (`id`);

--
-- Indexes for table `mandop_stores`
--
ALTER TABLE `mandop_stores`
  ADD PRIMARY KEY (`id`);

--
-- Indexes for table `orders`
--
ALTER TABLE `orders`
  ADD PRIMARY KEY (`id`);

--
-- Indexes for table `order_items`
--
ALTER TABLE `order_items`
  ADD PRIMARY KEY (`id`);

--
-- Indexes for table `order_status`
--
ALTER TABLE `order_status`
  ADD PRIMARY KEY (`id`);

--
-- Indexes for table `product`
--
ALTER TABLE `product`
  ADD PRIMARY KEY (`id`);

--
-- Indexes for table `receipts`
--
ALTER TABLE `receipts`
  ADD PRIMARY KEY (`id`);

--
-- Indexes for table `role`
--
ALTER TABLE `role`
  ADD PRIMARY KEY (`id`);

--
-- Indexes for table `staff`
--
ALTER TABLE `staff`
  ADD PRIMARY KEY (`id`);

--
-- Indexes for table `stores`
--
ALTER TABLE `stores`
  ADD PRIMARY KEY (`id`);

--
-- Indexes for table `sub_option`
--
ALTER TABLE `sub_option`
  ADD PRIMARY KEY (`id`);

--
-- Indexes for table `towns`
--
ALTER TABLE `towns`
  ADD PRIMARY KEY (`id`);

--
-- Indexes for table `tracking`
--
ALTER TABLE `tracking`
  ADD PRIMARY KEY (`id`);
ALTER TABLE `tracking` ADD FULLTEXT KEY `note` (`note`);

--
-- AUTO_INCREMENT for dumped tables
--

--
-- AUTO_INCREMENT for table `attribute`
--
ALTER TABLE `attribute`
  MODIFY `id` int(11) NOT NULL AUTO_INCREMENT, AUTO_INCREMENT=5;

--
-- AUTO_INCREMENT for table `attribute_config`
--
ALTER TABLE `attribute_config`
  MODIFY `id` int(11) NOT NULL AUTO_INCREMENT, AUTO_INCREMENT=44;

--
-- AUTO_INCREMENT for table `basket`
--
ALTER TABLE `basket`
  MODIFY `id` int(11) NOT NULL AUTO_INCREMENT, AUTO_INCREMENT=27;

--
-- AUTO_INCREMENT for table `basket_items`
--
ALTER TABLE `basket_items`
  MODIFY `id` int(11) NOT NULL AUTO_INCREMENT, AUTO_INCREMENT=68;

--
-- AUTO_INCREMENT for table `category`
--
ALTER TABLE `category`
  MODIFY `id` int(11) NOT NULL AUTO_INCREMENT, AUTO_INCREMENT=15;

--
-- AUTO_INCREMENT for table `clients`
--
ALTER TABLE `clients`
  MODIFY `id` int(11) NOT NULL AUTO_INCREMENT, AUTO_INCREMENT=3;

--
-- AUTO_INCREMENT for table `client_dev_price`
--
ALTER TABLE `client_dev_price`
  MODIFY `id` int(11) NOT NULL AUTO_INCREMENT, AUTO_INCREMENT=91;

--
-- AUTO_INCREMENT for table `companies`
--
ALTER TABLE `companies`
  MODIFY `id` int(11) NOT NULL AUTO_INCREMENT, AUTO_INCREMENT=3;

--
-- AUTO_INCREMENT for table `configurable_product`
--
ALTER TABLE `configurable_product`
  MODIFY `id` int(11) NOT NULL AUTO_INCREMENT, AUTO_INCREMENT=418;

--
-- AUTO_INCREMENT for table `images`
--
ALTER TABLE `images`
  MODIFY `id` int(11) NOT NULL AUTO_INCREMENT, AUTO_INCREMENT=68;

--
-- AUTO_INCREMENT for table `mandop_stores`
--
ALTER TABLE `mandop_stores`
  MODIFY `id` int(11) NOT NULL AUTO_INCREMENT, AUTO_INCREMENT=13;

--
-- AUTO_INCREMENT for table `orders`
--
ALTER TABLE `orders`
  MODIFY `id` int(11) NOT NULL AUTO_INCREMENT, AUTO_INCREMENT=34;

--
-- AUTO_INCREMENT for table `order_items`
--
ALTER TABLE `order_items`
  MODIFY `id` int(11) NOT NULL AUTO_INCREMENT, AUTO_INCREMENT=45;

--
-- AUTO_INCREMENT for table `order_status`
--
ALTER TABLE `order_status`
  MODIFY `id` int(11) NOT NULL AUTO_INCREMENT, AUTO_INCREMENT=15;

--
-- AUTO_INCREMENT for table `product`
--
ALTER TABLE `product`
  MODIFY `id` int(11) NOT NULL AUTO_INCREMENT, AUTO_INCREMENT=36;

--
-- AUTO_INCREMENT for table `receipts`
--
ALTER TABLE `receipts`
  MODIFY `id` int(11) NOT NULL AUTO_INCREMENT, AUTO_INCREMENT=5;

--
-- AUTO_INCREMENT for table `role`
--
ALTER TABLE `role`
  MODIFY `id` int(11) NOT NULL AUTO_INCREMENT, AUTO_INCREMENT=7;

--
-- AUTO_INCREMENT for table `staff`
--
ALTER TABLE `staff`
  MODIFY `id` int(11) NOT NULL AUTO_INCREMENT, AUTO_INCREMENT=37;

--
-- AUTO_INCREMENT for table `stores`
--
ALTER TABLE `stores`
  MODIFY `id` int(11) NOT NULL AUTO_INCREMENT, AUTO_INCREMENT=14;

--
-- AUTO_INCREMENT for table `sub_option`
--
ALTER TABLE `sub_option`
  MODIFY `id` int(11) NOT NULL AUTO_INCREMENT, AUTO_INCREMENT=805;

--
-- AUTO_INCREMENT for table `towns`
--
ALTER TABLE `towns`
  MODIFY `id` int(11) NOT NULL AUTO_INCREMENT, AUTO_INCREMENT=511;

--
-- AUTO_INCREMENT for table `tracking`
--
ALTER TABLE `tracking`
  MODIFY `id` int(11) NOT NULL AUTO_INCREMENT, AUTO_INCREMENT=62168;
COMMIT;

/*!40101 SET CHARACTER_SET_CLIENT=@OLD_CHARACTER_SET_CLIENT */;
/*!40101 SET CHARACTER_SET_RESULTS=@OLD_CHARACTER_SET_RESULTS */;
/*!40101 SET COLLATION_CONNECTION=@OLD_COLLATION_CONNECTION */;
